Numéro de département,Département,Numéro de commune,Nom de commune,Inscrits,Votants,Exprimés,Extrême gauche,Parti communiste,Parti socialiste,Divers gauche,Génération écologie,Verts,UDF/RPR,Divers droite,Front national,Extrême droite,Régionalistes,Catégoriel
1,AIN,4,Ambérieu-en-Bugey,6486,3990,3799,0,475,467,270,269,354,1086,178,649,0,0,51
1,AIN,33,Bellegarde-sur-Valserine,5866,3529,3311,0,288,589,145,198,240,1224,69,511,0,0,47
1,AIN,53,Bourg-en-Bresse,21278,13390,12861,0,650,2165,1059,796,1235,4405,637,1643,0,0,271
1,AIN,283,Oyonnax,10580,6257,5964,0,506,578,322,354,415,2050,193,1317,0,0,229
2,AISNE,168,Château-Thierry,9099,5991,5705,78,598,1253,125,385,442,1882,66,745,0,0,131
2,AISNE,173,Chauny,8183,5379,5097,243,494,406,1296,245,370,1237,28,633,0,0,145
2,AISNE,381,Hirson,7311,4661,4374,58,664,786,84,200,491,1423,35,490,0,0,143
2,AISNE,408,Laon,16063,10311,9849,273,583,2062,299,581,1039,3681,79,976,0,0,276
2,AISNE,691,Saint-Quentin,36944,23713,22237,592,3025,3173,495,1619,2016,7277,154,3090,0,0,796
2,AISNE,722,Soissons,17085,10192,9823,168,768,1722,446,733,773,3485,72,1421,0,0,235
2,AISNE,738,Tergnier,10691,7272,6876,640,722,2218,179,354,486,1208,31,764,0,0,274
3,ALLIER,95,Cusset,9969,6626,6113,0,1259,1002,0,380,461,1763,300,731,0,0,217
3,ALLIER,185,Montluçon,30425,19467,18256,0,5215,2363,0,1293,808,5460,720,1688,0,0,709
3,ALLIER,190,Moulins,14468,8784,8316,0,1115,1519,0,557,518,2703,832,832,0,0,240
3,ALLIER,310,Vichy,18740,11835,11326,0,718,1700,0,648,709,4976,492,1889,0,0,194
3,ALLIER,321,Yzeure,9512,6424,6038,0,983,1647,0,364,427,1619,362,451,0,0,185
4,ALPES DE HAUTE PROVENCE,70,Digne-les-Bains,10681,7657,7368,0,564,1992,0,483,531,2708,0,802,0,0,288
4,ALPES DE HAUTE PROVENCE,112,Manosque,12810,9236,8843,0,684,2216,0,666,489,2732,0,1748,0,0,308
5,HAUTES ALPES,23,Briançon,7041,4490,4332,0,270,450,575,0,497,2064,0,380,0,0,96
5,HAUTES ALPES,61,Gap,22513,15774,14919,0,837,588,4235,0,1629,5095,0,1912,0,0,623
6,ALPES MARITIMES,4,Antibes,45334,31269,30390,0,1218,4979,0,0,3277,10654,494,9094,233,0,441
6,ALPES MARITIMES,12,Beausoleil,9224,5644,5468,0,512,1034,0,0,676,1628,148,1324,36,0,110
6,ALPES MARITIMES,27,Cagnes-sur-Mer,26462,19086,18325,0,751,3141,0,0,1809,6430,370,5223,327,0,274
6,ALPES MARITIMES,29,Cannes,47769,33710,32892,0,1150,4450,0,0,3156,13733,457,9441,197,0,308
6,ALPES MARITIMES,33,Carros,5880,4092,3980,0,394,1074,0,0,395,803,66,1124,33,0,91
6,ALPES MARITIMES,69,Grasse,23725,16824,16258,0,1120,2543,0,0,2929,5187,238,3738,165,0,338
6,ALPES MARITIMES,149,La Trinité,6546,4623,4490,0,1084,734,0,0,419,725,130,1252,34,0,112
6,ALPES MARITIMES,30,Le Cannet,26535,17317,16974,0,676,2670,0,0,2337,6030,177,4734,146,0,204
6,ALPES MARITIMES,79,Mandelieu-la-Napoule,10760,8238,7989,0,310,1178,0,0,939,2832,107,2422,59,0,142
6,ALPES MARITIMES,83,Menton,19684,13438,13079,0,805,2582,0,0,1296,3804,306,3744,106,0,436
6,ALPES MARITIMES,85,Mougins,8876,6351,6215,0,171,744,0,0,1125,2335,91,1638,42,0,69
6,ALPES MARITIMES,88,Nice,231082,154369,150126,0,9985,30895,0,0,12105,40394,7123,45231,1035,0,3358
6,ALPES MARITIMES,104,Roquebrune-Cap-Martin,8837,5633,5520,0,252,1127,0,0,608,1780,107,1467,41,0,138
6,ALPES MARITIMES,123,Saint-Laurent-du-Var,15991,11659,11313,0,482,2029,0,0,1392,3644,273,3182,99,0,212
6,ALPES MARITIMES,152,Valbonne,4732,3401,3338,0,98,822,0,0,694,886,75,678,34,0,51
6,ALPES MARITIMES,155,Vallauris,15137,10785,10299,0,646,1797,0,0,1210,3146,194,3052,105,0,149
6,ALPES MARITIMES,157,Vence,10221,7067,6904,0,343,1394,0,0,878,2432,138,1569,70,0,80
6,ALPES MARITIMES,161,Villeneuve-Loubet,7149,5084,4971,0,184,882,0,0,486,1853,151,1317,37,0,61
7,ARDECHE,10,Annonay,12147,7486,7134,0,934,1292,0,0,1020,3030,0,858,0,0,0
7,ARDECHE,19,Aubenas,7182,4964,4643,0,322,877,0,0,642,1784,0,1018,0,0,0
7,ARDECHE,102,Guilherand-Granges,7294,5071,4906,0,219,1096,0,0,922,1968,0,701,0,0,0
7,ARDECHE,186,Privas,5896,3907,3704,0,277,719,0,0,573,1744,0,391,0,0,0
7,ARDECHE,324,Tournon-sur-Rhône,6408,4180,3967,0,260,834,0,0,756,1622,0,495,0,0,0
8,ARDENNES,105,Charleville-Mézières,30783,18101,17414,0,1726,4105,0,1189,1273,5291,617,2835,0,0,378
8,ARDENNES,363,Revin,5168,3389,3266,0,337,875,0,164,194,655,134,436,0,0,471
8,ARDENNES,409,Sedan,11530,6976,6690,0,481,1824,0,503,446,2096,161,991,0,0,188
9,ARIEGE,122,Foix,6189,4275,4040,0,333,1365,0,0,513,1075,428,295,0,0,31
9,ARIEGE,225,Pamiers,8850,6295,5825,0,838,1230,0,0,463,1684,862,700,0,0,48
10,AUBE,81,La Chapelle-Saint-Luc,6892,4087,3890,0,332,605,0,306,463,775,421,754,0,0,234
10,AUBE,323,Romilly-sur-Seine,10065,5989,5651,0,1653,668,0,288,503,1185,208,800,0,0,346
10,AUBE,333,Saint-André-les-Vergers,7562,4589,4352,0,265,809,0,285,380,858,818,693,0,0,244
10,AUBE,362,Sainte-Savine,7230,4326,4122,0,285,784,0,262,402,866,596,689,0,0,238
10,AUBE,387,Troyes,31374,18401,17632,0,1314,3095,0,966,1466,3764,3173,2902,0,0,952
11,AUDE,69,Carcassonne,28325,19139,18077,0,2009,2895,1358,961,1170,6606,0,2457,0,275,346
11,AUDE,76,Castelnaudary,7684,5393,5101,0,331,1000,351,247,297,2110,0,537,0,60,168
11,AUDE,206,Limoux,6785,4744,4465,0,525,1173,229,236,264,1329,0,525,0,88,96
11,AUDE,262,Narbonne,30278,20601,19702,0,1919,2675,689,949,1387,8573,0,2939,0,195,376
12,AVEYRON,145,Millau,15975,10929,10158,0,673,2081,0,1092,587,3424,1307,994,0,0,0
12,AVEYRON,176,Onet-le-Château,6097,4668,4466,0,225,803,0,361,281,2317,222,257,0,0,0
12,AVEYRON,202,Rodez,14706,10184,9715,0,296,1583,0,566,543,5535,644,548,0,0,0
12,AVEYRON,300,Villefranche-de-Rouergue,8602,5954,5621,0,166,1947,0,388,339,1479,883,419,0,0,0
13,BOUCHES DU RHONE,1,Aix-en-Provence,70508,49338,48231,276,2343,12869,0,2148,2771,14632,1153,10392,0,324,1323
13,BOUCHES DU RHONE,2,Allauch,12998,9737,9467,49,785,3065,0,350,332,2191,165,2061,0,30,439
13,BOUCHES DU RHONE,4,Arles,32351,22618,21794,159,3464,5103,0,639,1043,5183,330,4089,0,103,1681
13,BOUCHES DU RHONE,5,Aubagne,25747,18290,17753,95,3766,3762,0,541,881,3874,227,3880,0,83,644
13,BOUCHES DU RHONE,14,Berre-l'Etang,6914,5228,4997,25,795,2034,0,128,134,601,64,1055,0,22,139
13,BOUCHES DU RHONE,15,Bouc-Bel-Air,7565,5830,5671,21,442,1401,0,249,277,1693,119,1266,0,17,186
13,BOUCHES DU RHONE,26,Châteauneuf-les-Martigues,7473,5794,5611,41,366,2378,0,196,299,853,107,1093,0,43,235
13,BOUCHES DU RHONE,27,Châteaurenard,7501,5562,5340,54,440,1090,0,163,256,1701,100,1268,0,25,243
13,BOUCHES DU RHONE,39,Fos-sur-Mer,7665,5583,5421,41,499,1871,0,175,357,932,84,1064,0,3,395
13,BOUCHES DU RHONE,41,Gardanne,11548,7911,7716,34,1591,1960,0,228,356,1459,102,1593,0,43,350
13,BOUCHES DU RHONE,47,Istres,22005,15563,14987,109,988,5084,0,716,1201,3058,382,2911,0,56,482
13,BOUCHES DU RHONE,28,La Ciotat,22894,17124,16665,100,2441,4435,0,407,676,4925,225,3008,0,82,366
13,BOUCHES DU RHONE,71,Les Pennes-Mirabeau,13744,9324,9058,52,1065,2790,0,263,484,1820,116,2125,0,43,300
13,BOUCHES DU RHONE,54,Marignane,19989,13812,13373,68,853,3320,0,504,739,3112,229,3914,0,114,520
13,BOUCHES DU RHONE,55,Marseille,451474,291086,284328,1504,29156,77148,0,6129,10529,79954,3948,70063,0,1086,4811
13,BOUCHES DU RHONE,56,Martigues,26757,19244,18622,157,4015,4420,0,763,1302,3358,369,3560,0,127,551
13,BOUCHES DU RHONE,63,Miramas,13238,9638,9262,67,1529,2120,0,341,615,2041,144,1971,0,68,366
13,BOUCHES DU RHONE,75,Plan-de-Cuques,7174,5425,5247,22,323,1409,0,181,198,1513,103,1253,0,30,215
13,BOUCHES DU RHONE,77,Port-de-Bouc,10378,7325,7116,58,2725,1382,0,197,280,754,92,1432,0,36,160
13,BOUCHES DU RHONE,81,Rognac,6890,5046,4914,32,414,1473,0,350,266,908,97,1166,0,53,155
13,BOUCHES DU RHONE,97,Saint-Martin-de-Crau,7044,5162,4971,46,368,1569,0,166,281,1097,101,964,0,36,343
13,BOUCHES DU RHONE,100,Saint-Rémy-de-Provence,6773,4849,4625,42,399,1181,0,156,242,1481,123,672,0,49,280
13,BOUCHES DU RHONE,103,Salon-de-Provence,22205,15695,15141,80,655,3907,0,609,857,4090,340,3954,0,114,535
13,BOUCHES DU RHONE,106,Septèmes-les-Vallons,6770,4836,4712,31,1197,1121,0,127,202,676,70,1123,0,23,142
13,BOUCHES DU RHONE,108,Tarascon,8110,5867,5632,37,371,1374,0,174,244,1646,101,1271,0,55,359
13,BOUCHES DU RHONE,117,Vitrolles,17800,13108,12730,90,991,3478,0,521,1006,2292,284,3636,0,74,358
14,CALVADOS,47,Bayeux,9728,5793,5467,0,280,1027,0,485,787,2188,264,436,0,0,0
14,CALVADOS,118,Caen,65571,38584,37196,0,1948,9082,0,3484,3662,13383,2099,3538,0,0,0
14,CALVADOS,327,Hérouville-Saint-Clair,12178,7626,7226,0,718,2391,0,786,1049,1263,275,744,0,0,0
14,CALVADOS,366,Lisieux,14804,9723,8984,0,490,2082,0,731,1018,3053,654,956,0,0,0
14,CALVADOS,437,Mondeville,6520,4289,4003,0,486,1398,0,369,445,760,169,376,0,0,0
14,CALVADOS,762,Vire,9144,6138,5754,0,220,1570,0,430,510,2438,153,433,0,0,0
15,CANTAL,14,Aurillac,19514,13267,12674,0,789,4083,471,0,976,4815,0,727,0,0,813
16,CHARENTE,15,Angoulême,26629,16320,15384,254,922,2386,825,1408,1581,5714,0,1755,0,0,539
16,CHARENTE,102,Cognac,11931,6905,6619,109,293,811,196,586,459,3481,0,533,0,0,151
16,CHARENTE,374,Soyaux,6135,3940,3744,99,296,594,198,367,391,1124,0,498,0,0,177
17,CHARENTE MARITIME,300,La Rochelle,42384,26770,25638,0,2676,6002,0,2595,2005,8096,550,2767,0,0,947
17,CHARENTE MARITIME,299,Rochefort,14911,9325,8831,0,621,1448,0,751,638,3496,255,1038,0,0,584
17,CHARENTE MARITIME,306,Royan,12951,8417,8127,0,385,1123,0,543,389,2880,1408,970,0,0,429
17,CHARENTE MARITIME,415,Saintes,18161,11509,11033,0,1090,3072,0,887,729,3406,366,946,0,0,537
18,CHER,33,Bourges,46507,29343,28148,398,7814,2814,0,1896,1589,10173,0,3464,0,0,0
18,CHER,197,Saint-Amand-Montrond,8454,5780,5430,127,744,992,0,501,263,2287,0,516,0,0,0
18,CHER,205,Saint-Doulchard,6009,4048,3877,88,587,513,0,389,224,1543,0,533,0,0,0
18,CHER,279,Vierzon,21020,13497,12918,305,3849,849,0,2909,683,2720,0,1603,0,0,0
19,CORREZE,31,Brive-la-Gaillarde,33324,23218,22176,0,2512,4379,2268,0,1996,8086,0,1978,0,0,957
19,CORREZE,272,Tulle,11046,8269,7930,0,1636,1709,146,0,560,3204,0,342,0,0,333
19,CORREZE,275,Ussel,7277,5433,5179,0,475,805,122,0,442,2649,0,304,0,0,382
21,COTE D'OR,54,Beaune,11911,7678,7345,135,208,556,1005,641,489,2703,233,1375,0,0,0
21,COTE D'OR,166,Chenôve,9946,5758,5496,66,292,152,2312,321,266,1074,102,911,0,0,0
21,COTE D'OR,231,Dijon,73787,47384,45886,491,1719,4746,6715,3756,2750,18707,1086,5916,0,0,0
21,COTE D'OR,515,Quetigny,4939,3292,3178,36,126,976,378,359,235,538,188,342,0,0,0
21,COTE D'OR,617,Talant,7580,5101,4956,66,163,535,669,434,426,1927,106,630,0,0,0
22,COTES D'ARMOR,50,Dinan,7846,5325,5036,45,200,877,0,578,308,1798,308,476,0,178,268
22,COTES D'ARMOR,93,Lamballe,7312,5100,4949,74,199,1141,0,548,279,1824,159,300,0,164,261
22,COTES D'ARMOR,113,Lannion,11862,7674,7397,101,537,1777,0,645,483,2214,165,520,0,492,463
22,COTES D'ARMOR,136,Loudéac,7041,5030,4758,109,227,897,0,413,283,850,1256,273,0,208,242
22,COTES D'ARMOR,187,Plérin,9113,6272,5994,90,799,994,0,737,492,1395,274,519,0,267,427
22,COTES D'ARMOR,215,Ploufragan,7524,5310,5116,98,976,805,0,553,326,1304,134,391,0,169,360
22,COTES D'ARMOR,278,Saint-Brieuc,32204,21271,20613,272,2086,4339,0,2249,1503,5346,842,1807,0,721,1448
23,CREUSE,96,Guéret,9658,6322,6000,0,577,2023,0,0,647,2404,0,349,0,0,0
24,DORDOGNE,37,Bergerac,19435,14254,13496,0,1092,2635,0,1212,922,4788,0,1808,0,0,1039
24,DORDOGNE,322,Périgueux,20888,14182,13554,0,1483,2611,0,1131,568,6187,0,1092,0,0,482
24,DORDOGNE,520,Sarlat-la-Canéda,7021,5292,5039,0,1051,818,0,368,206,2107,0,254,0,0,235
25,DOUBS,31,Audincourt,8894,5354,5042,1294,147,452,0,353,322,1178,164,957,0,0,175
25,DOUBS,56,Besançon,58540,38197,36410,3496,1138,5549,0,3623,2859,11858,960,4687,0,0,2240
25,DOUBS,388,Montbéliard,16083,10069,9516,1140,231,1171,0,973,710,3308,169,1393,0,0,421
25,DOUBS,462,Pontarlier,10952,7461,6908,454,144,1237,0,533,451,2777,217,725,0,0,370
25,DOUBS,580,Valentigney,7800,4718,4458,662,92,604,0,417,294,1290,183,744,0,0,172
26,DROME,57,Bourg-de-Péage,6042,3847,3672,176,146,715,0,236,183,1265,130,620,0,0,201
26,DROME,58,Bourg-lès-Valence,11715,7963,7584,444,424,1705,0,762,421,1964,246,1240,0,0,378
26,DROME,198,Montélimar,17917,12849,12259,941,664,2010,0,1209,613,3595,557,1971,0,0,699
26,DROME,235,Pierrelatte,7682,5102,4883,193,253,443,0,294,189,2101,358,880,0,0,172
26,DROME,281,Romans-sur-Isère,19359,11977,11550,951,691,1917,0,928,561,3130,320,2267,0,0,785
26,DROME,362,Valence,37171,23900,23047,983,1139,4750,0,2003,1025,7755,592,3973,0,0,827
27,EURE,56,Bernay,7158,4612,4350,0,305,743,0,341,540,1490,0,504,0,0,427
27,EURE,229,Evreux,24371,15326,14777,0,1800,2589,0,1311,1426,4472,0,2253,0,0,926
27,EURE,284,Gisors,6162,4250,4101,0,1583,248,0,239,250,956,0,579,0,0,246
27,EURE,375,Louviers,10367,6428,6093,0,328,1421,0,549,578,1867,0,944,0,0,406
27,EURE,701,Val-de-Reuil,4687,2860,2758,0,180,869,0,324,237,508,0,463,0,0,177
27,EURE,681,Vernon,12940,8566,8306,0,445,1487,0,704,718,2678,0,1805,0,0,469
28,EURE ET LOIR,85,Chartres,21512,13931,13277,0,758,2642,0,1568,1130,4244,612,2088,0,0,235
28,EURE ET LOIR,88,Châteaudun,8862,6235,5753,0,583,607,0,444,556,2425,268,794,0,0,76
28,EURE ET LOIR,134,Dreux,15726,9092,8788,0,483,1108,0,778,587,2386,125,3217,0,0,104
28,EURE ET LOIR,218,Lucé,11066,6817,6391,0,421,1285,0,822,602,1411,271,1461,0,0,118
28,EURE ET LOIR,229,Mainvilliers,6080,3794,3572,0,260,859,0,315,318,882,133,666,0,0,139
28,EURE ET LOIR,280,Nogent-le-Rotrou,8278,5897,5598,0,215,444,0,1810,339,2044,91,596,0,0,59
28,EURE ET LOIR,404,Vernouillet,5992,3920,3757,0,152,546,0,256,422,836,80,1421,0,0,44
29,FINISTERE,19,Brest,90748,57954,55837,2351,2418,14124,0,4751,4045,19749,623,6208,0,1568,0
29,FINISTERE,39,Concarneau,14912,9657,9129,993,477,2199,0,759,890,2676,104,830,0,201,0
29,FINISTERE,46,Douarnenez,13020,8086,7744,245,720,1519,0,726,541,2967,60,701,0,265,0
29,FINISTERE,75,Guipavas,8339,5957,5694,184,159,1132,0,616,410,2401,78,543,0,171,0
29,FINISTERE,103,Landerneau,9894,6299,6064,531,100,1442,0,484,494,2374,86,432,0,121,0
29,FINISTERE,235,Le Relecq-Kerhuon,7430,5221,5015,183,352,1299,0,496,344,1612,67,512,0,150,0
29,FINISTERE,151,Morlaix,10659,6858,6635,343,456,1865,0,650,412,2178,68,487,0,176,0
29,FINISTERE,189,Plougastel-Daoulas,8348,5784,5584,119,110,1149,0,421,746,2385,57,426,0,171,0
29,FINISTERE,212,Plouzané,7746,5429,5150,363,116,1360,0,508,417,1710,53,466,0,157,0
29,FINISTERE,232,Quimper,38841,26701,25647,902,1053,6334,0,2611,2470,8861,262,2332,0,822,0
29,FINISTERE,233,Quimperlé,7916,5124,4894,108,278,1700,0,415,354,1456,66,384,0,133,0
30,GARD,7,Alès,26685,17885,16915,148,3634,2734,824,846,1018,4234,0,3075,0,0,402
30,GARD,28,Bagnols-sur-Cèze,12075,7736,7430,40,520,2497,286,375,319,1654,0,1479,0,0,260
30,GARD,32,Beaucaire,8205,5913,5667,28,1115,519,215,213,239,1687,0,1405,0,0,246
30,GARD,189,Nîmes,75912,49054,47350,588,6205,7791,2089,3098,2715,14101,0,9844,0,0,919
30,GARD,202,Pont-Saint-Esprit,6342,4733,4600,30,197,2683,103,134,159,669,0,531,0,0,94
30,GARD,258,Saint-Gilles,7095,4745,4539,38,422,693,206,247,214,1195,0,1282,0,0,242
30,GARD,341,Vauvert,6358,4835,4599,53,491,1043,258,220,275,999,0,1012,0,0,248
30,GARD,351,Villeneuve-lès-Avignon,7116,5237,5011,40,257,1003,209,430,288,1699,0,949,0,0,136
31,HAUTE GARONNE,44,Balma,7447,5689,5506,62,254,1074,0,0,487,2400,403,605,0,0,221
31,HAUTE GARONNE,69,Blagnac,10939,7867,7570,103,589,1748,0,0,785,2699,483,794,0,0,369
31,HAUTE GARONNE,149,Colomiers,17186,12424,11948,178,720,3051,0,0,1268,4106,748,1280,0,0,597
31,HAUTE GARONNE,157,Cugnaux,7327,5524,5278,98,320,1205,0,0,533,1935,300,659,0,0,228
31,HAUTE GARONNE,561,L'Union,8964,6592,6318,54,359,1304,0,0,592,2620,355,754,0,0,280
31,HAUTE GARONNE,395,Muret,11182,8078,7754,126,339,1512,0,0,594,3160,755,919,0,0,349
31,HAUTE GARONNE,424,Plaisance-du-Touch,6341,4773,4586,73,288,997,0,0,474,1558,354,514,0,0,328
31,HAUTE GARONNE,446,Ramonville-Saint-Agne,7981,5678,5517,66,215,1208,0,0,879,2170,328,493,0,0,158
31,HAUTE GARONNE,483,Saint-Gaudens,8693,5754,5495,59,169,1239,0,0,296,2504,368,477,0,0,383
31,HAUTE GARONNE,506,Saint-Orens-de-Gameville,6286,5198,5009,65,333,857,0,0,470,2325,291,411,0,0,257
31,HAUTE GARONNE,555,Toulouse,201051,125890,121970,1483,7415,23519,0,0,10298,55581,6345,13956,0,0,3373
31,HAUTE GARONNE,557,Tournefeuille,10418,7980,7638,115,421,1587,0,0,828,3039,512,804,0,0,332
32,GERS,13,Auch,14817,10288,9559,0,839,2301,0,0,1552,3924,0,943,0,0,0
33,GIRONDE,3,Ambarès-et-Lagrave,6776,4536,4259,121,295,1099,0,454,280,863,116,553,0,0,478
33,GIRONDE,9,Arcachon,10232,6584,6332,88,165,741,0,540,288,2465,606,941,0,0,498
33,GIRONDE,39,Bègles,13886,10029,9502,264,2553,865,0,2375,417,1302,181,815,0,0,730
33,GIRONDE,56,Blanquefort,7426,5025,4843,141,282,710,0,736,287,1255,198,575,0,0,659
33,GIRONDE,63,Bordeaux,112728,67700,65491,1204,3429,9918,0,7993,3529,25117,1997,9305,0,0,2999
33,GIRONDE,119,Cenon,11537,7444,7146,254,799,1728,0,718,434,1382,242,1130,0,0,459
33,GIRONDE,122,Cestas,11069,8149,7824,157,520,1661,0,1190,585,1872,275,833,0,0,731
33,GIRONDE,162,Eysines,10119,6991,6734,138,343,1390,0,852,373,1969,215,815,0,0,639
33,GIRONDE,167,Floirac,9317,5564,5312,149,682,1036,0,683,454,988,160,750,0,0,410
33,GIRONDE,192,Gradignan,13105,8957,8663,171,482,1425,0,1407,625,2726,316,963,0,0,548
33,GIRONDE,199,Gujan-Mestras,8518,6047,5848,88,226,802,0,635,272,2044,160,824,0,0,797
33,GIRONDE,529,La Teste-de-Buch,14215,9707,9321,153,368,1290,0,984,416,2334,336,1318,0,0,2122
33,GIRONDE,69,Le Bouscat,14226,9602,9292,157,498,1402,0,1027,423,3644,297,1216,0,0,628
33,GIRONDE,243,Libourne,14393,9612,9156,198,363,2031,0,1013,511,2960,267,1166,0,0,647
33,GIRONDE,249,Lormont,9139,6183,5932,194,509,1582,0,679,330,989,171,1091,0,0,387
33,GIRONDE,281,Mérignac,34250,23576,22581,512,1135,5350,0,2938,1308,6230,653,2879,0,0,1576
33,GIRONDE,318,Pessac,31431,20363,19674,452,1214,4199,0,2541,1278,5683,584,2369,0,0,1354
33,GIRONDE,449,Saint-Médard-en-Jalles,15509,11096,10660,180,468,2366,0,1314,539,2784,338,1185,0,0,1486
33,GIRONDE,522,Talence,19397,12640,12184,210,671,2137,0,1882,858,4214,314,1312,0,0,586
33,GIRONDE,550,Villenave-d'Ornon,16174,10853,10347,249,1094,1988,0,1403,726,2384,328,1238,0,0,937
34,HERAULT,3,Agde,12683,9200,8822,0,692,1793,0,550,490,0,2694,2181,0,0,422
34,HERAULT,32,Béziers,48659,30147,28603,0,3326,4128,0,2537,1196,0,9933,6066,0,0,1417
34,HERAULT,57,Castelnau-le-Lez,8740,6247,6003,0,203,729,0,550,275,0,3037,984,0,0,225
34,HERAULT,108,Frontignan,11521,7668,7232,0,1045,1083,0,854,361,0,1830,1457,0,0,602
34,HERAULT,129,Lattes,7310,5260,5089,0,234,653,0,534,304,0,2038,1057,0,0,269
34,HERAULT,145,Lunel,11571,8197,7757,0,624,1436,0,524,534,0,2224,1902,0,0,513
34,HERAULT,154,Mauguio,8401,6079,5792,0,439,1116,0,445,386,0,1807,1249,0,0,350
34,HERAULT,172,Montpellier,109187,66586,64362,0,3794,13616,0,7319,3876,0,20301,12948,0,0,2508
34,HERAULT,301,Sète,29635,19806,18999,0,3983,1686,0,1510,735,0,7222,3070,0,0,793
35,ILLE ET VILAINE,51,Cesson-Sévigné,9534,6751,6423,92,145,1075,152,840,631,2889,0,423,0,176,0
35,ILLE ET VILAINE,93,Dinard,7277,4789,4602,64,158,523,141,505,239,2243,0,618,0,111,0
35,ILLE ET VILAINE,115,Fougères,16705,10602,10008,162,353,3105,191,745,757,3867,0,662,0,166,0
35,ILLE ET VILAINE,236,Redon,6253,4079,3925,47,318,926,93,266,217,1679,0,264,0,115,0
35,ILLE ET VILAINE,238,Rennes,116218,69323,66552,1378,3264,14641,1202,8216,6528,23364,0,5984,0,1975,0
35,ILLE ET VILAINE,288,Saint-Malo,35625,22167,21132,431,734,2135,2502,1929,1462,9078,0,2287,0,574,0
35,ILLE ET VILAINE,360,Vitré,10429,6581,6145,159,121,876,149,640,485,3203,0,371,0,141,0
36,INDRE,44,Châteauroux,33147,21920,20504,0,1490,5526,895,962,1825,6456,0,2618,0,0,732
36,INDRE,88,Issoudun,4579,3466,3205,0,174,1398,48,50,194,944,0,277,0,0,120
37,INDRE ET LOIRE,3,Amboise,7124,5034,4703,130,261,728,0,638,293,1936,185,532,0,0,0
37,INDRE ET LOIRE,122,Joué-lès-Tours,22777,14207,13419,313,585,2470,0,1895,878,3776,1601,1901,0,0,0
37,INDRE ET LOIRE,208,Saint-Avertin,8402,5734,5526,93,231,939,0,809,332,2251,236,635,0,0,0
37,INDRE ET LOIRE,214,Saint-Cyr-sur-Loire,10893,7140,6887,123,266,1059,0,989,401,3016,233,800,0,0,0
37,INDRE ET LOIRE,233,Saint-Pierre-des-Corps,11203,6900,6513,194,1815,892,0,741,449,1231,150,1041,0,0,0
37,INDRE ET LOIRE,261,Tours,73398,44812,42681,1053,2250,6971,0,5613,2852,16374,1748,5820,0,0,0
38,ISERE,53,Bourgoin-Jallieu,12633,7728,7374,94,531,1332,0,494,322,1975,758,1589,0,0,279
38,ISERE,151,Echirolles,18479,12285,11858,180,2245,1666,0,1039,660,1664,1819,2186,0,0,399
38,ISERE,169,Fontaine,12722,7689,7430,202,1732,1209,0,692,456,1040,586,1229,0,0,284
38,ISERE,185,Grenoble,80652,49920,48216,699,2869,8837,0,4730,3683,13119,4800,7892,0,0,1587
38,ISERE,317,Le Pont-de-Claix,5525,3582,3468,75,482,483,0,250,179,475,607,803,0,0,114
38,ISERE,229,Meylan,11353,7921,7772,59,213,1412,0,864,734,2408,955,832,0,0,295
38,ISERE,382,Saint-Egrève,9944,6927,6727,110,454,1208,0,654,686,1604,757,951,0,0,303
38,ISERE,421,Saint-Martin-d'Hères,15386,9427,9074,200,1759,1535,0,959,713,1348,730,1467,0,0,363
38,ISERE,474,Sassenage,5686,4010,3875,72,242,732,0,380,275,1089,338,562,0,0,185
38,ISERE,485,Seyssinet-Pariset,6995,4596,4436,70,280,866,0,473,309,1020,538,685,0,0,195
38,ISERE,544,Vienne,17153,11557,11077,118,489,2920,0,749,509,2935,855,2090,0,0,412
38,ISERE,553,Villefontaine,6729,4312,4170,73,274,829,0,454,324,780,464,823,0,0,149
38,ISERE,563,Voiron,11060,7264,6902,72,681,1102,0,521,577,2011,555,1086,0,0,297
39,JURA,97,Champagnole,5832,4214,3947,0,204,465,248,785,316,1262,211,456,0,0,0
39,JURA,198,Dole,15238,10132,9614,0,778,1310,704,865,1116,3010,541,1290,0,0,0
39,JURA,300,Lons-le-Saunier,12439,7934,7556,0,514,583,1067,687,590,2657,441,1017,0,0,0
39,JURA,478,Saint-Claude,6447,4039,3839,0,369,602,196,336,255,1274,168,639,0,0,0
40,LANDES,46,Biscarrosse,6860,4376,4186,0,93,880,105,294,281,1262,54,594,0,0,623
40,LANDES,88,Dax,13195,8614,8234,0,386,2023,159,458,454,3154,95,1003,0,0,502
40,LANDES,192,Mont-de-Marsan,19222,12830,12266,0,656,4012,278,680,491,3536,327,1249,0,0,1037
40,LANDES,279,Saint-Paul lès Dax,7371,5157,4738,0,365,1758,110,249,328,1059,50,386,0,0,433
40,LANDES,312,Tarnos,6850,4950,4772,0,1377,875,69,334,217,930,50,389,0,0,531
41,LOIR ET CHER,18,Blois,27236,19040,18136,0,941,7135,725,979,752,5303,0,2032,0,0,269
41,LOIR ET CHER,194,Romorantin-Lanthenay,11655,8243,7703,0,437,2856,140,457,362,2408,0,936,0,0,107
41,LOIR ET CHER,269,Vendôme,11441,7791,7273,0,470,2595,120,424,465,2250,0,772,0,0,177
42,LOIRE,5,Andrézieux-Bouthéon,4373,2775,2637,40,183,272,105,230,151,1091,0,565,0,0,0
42,LOIRE,95,Firminy,14332,8558,8174,182,1475,904,324,795,541,2010,0,1943,0,0,0
42,LOIRE,183,La Ricamarie,6144,3947,3811,63,1095,247,110,234,187,617,0,1258,0,0,0
42,LOIRE,44,Le Chambon-Feugerolles,9327,5986,5776,143,565,617,135,384,297,1549,0,2086,0,0,0
42,LOIRE,147,Montbrison,8742,6154,5741,124,216,795,200,538,410,2641,0,817,0,0,0
42,LOIRE,184,Riorges,7344,5135,4884,67,302,411,1183,417,297,1537,0,670,0,0,0
42,LOIRE,186,Rive-de-Gier,7859,5347,5144,112,1402,506,192,376,377,1272,0,907,0,0,0
42,LOIRE,187,Roanne,24342,15743,14953,284,1444,3180,669,1221,932,4863,0,2360,0,0,0
42,LOIRE,189,Roche-la-Molière,6099,3998,3844,62,250,811,170,298,229,1133,0,891,0,0,0
42,LOIRE,207,Saint-Chamond,23256,15679,14946,317,904,2457,806,1120,1025,5164,0,3153,0,0,0
42,LOIRE,218,Saint-Etienne,116559,67868,65681,986,6555,6695,5059,5557,4180,22096,0,14553,0,0,0
42,LOIRE,279,Saint-Just-Saint-Rambert,7815,5219,4968,62,284,594,161,558,369,1693,0,1247,0,0,0
43,HAUTE LOIRE,157,Le Puy-en-Velay,12089,7844,7491,430,276,342,1083,0,994,3274,0,1092,0,0,0
44,LOIRE ATLANTIQUE,20,Bouguenais,9638,6196,5879,110,416,1653,135,710,468,1559,0,517,0,78,233
44,LOIRE ATLANTIQUE,26,Carquefou,8213,5804,5538,74,144,898,135,487,373,2787,0,458,0,58,124
44,LOIRE ATLANTIQUE,36,Châteaubriant,9533,6116,5775,118,237,1235,112,408,385,2517,0,492,0,82,189
44,LOIRE ATLANTIQUE,47,Couëron,11057,7408,6956,162,850,1490,171,644,757,1667,0,649,0,137,429
44,LOIRE ATLANTIQUE,69,Guérande,8026,5437,5211,81,176,644,149,524,363,2333,0,458,0,111,372
44,LOIRE ATLANTIQUE,55,La Baule-Escoublac,12096,8022,7706,92,301,989,306,556,447,3735,0,1005,0,125,150
44,LOIRE ATLANTIQUE,35,La Chapelle-sur-Erdre,10104,6829,6501,95,175,1386,226,822,527,2324,0,606,0,135,205
44,LOIRE ATLANTIQUE,109,Nantes,158144,92449,89142,1380,4290,19330,2638,7859,6043,34859,0,9794,0,1627,1322
44,LOIRE ATLANTIQUE,114,Orvault,16941,11135,10754,184,373,2264,344,1148,784,4238,0,992,0,246,181
44,LOIRE ATLANTIQUE,131,Pornic,7671,5121,4851,69,150,692,97,383,375,2065,0,563,0,76,381
44,LOIRE ATLANTIQUE,143,Rezé,23669,14744,13997,268,981,3899,327,1328,1176,4143,0,1286,0,219,370
44,LOIRE ATLANTIQUE,172,Sainte-Luce-sur-Loire,6850,4950,4715,74,196,1146,92,528,389,1793,0,306,0,70,121
44,LOIRE ATLANTIQUE,162,Saint-Herblain,27870,17841,17063,331,972,4243,504,1879,1451,5019,0,1895,0,336,433
44,LOIRE ATLANTIQUE,184,Saint-Nazaire,44909,25347,24356,466,2555,6219,461,2274,2276,7168,0,1936,0,451,550
44,LOIRE ATLANTIQUE,190,Saint-Sébastien-sur-Loire,15951,10135,9608,170,539,2431,233,933,753,3240,0,866,0,183,260
44,LOIRE ATLANTIQUE,215,Vertou,12518,9102,8724,150,358,1725,183,741,792,3618,0,669,0,120,368
45,LOIRET,4,Amilly,7740,5257,4995,98,701,598,317,487,249,1767,0,778,0,0,0
45,LOIRET,68,Châlette-sur-Loing,6952,4960,4779,117,1992,313,124,309,237,1026,0,661,0,0,0
45,LOIRET,147,Fleury-les-Aubrais,12504,8605,8181,165,2201,1079,234,815,685,2075,0,927,0,0,0
45,LOIRET,155,Gien,8608,5682,5384,139,448,809,181,532,302,1951,0,1022,0,0,0
45,LOIRET,208,Montargis,8854,5780,5529,82,1349,462,204,362,340,1948,0,782,0,0,0
45,LOIRET,232,Olivet,11616,8023,7710,86,288,1241,315,1133,495,3203,0,949,0,0,0
45,LOIRET,234,Orléans,54572,36333,34909,680,2263,6202,1168,3811,2345,13648,0,4792,0,0,0
45,LOIRET,252,Pithiviers,5075,3373,3144,85,181,498,74,247,198,1343,0,518,0,0,0
45,LOIRET,284,Saint-Jean-de-Braye,10737,6883,6554,130,518,1531,212,739,474,2110,0,840,0,0,0
45,LOIRET,285,Saint-Jean-de-la-Ruelle,9565,6203,5902,138,573,1104,181,598,426,1865,0,1017,0,0,0
45,LOIRET,302,Saran,8325,5962,5673,108,1357,688,175,649,402,1526,0,768,0,0,0
46,LOT,42,Cahors,12144,8951,8352,0,624,2425,0,617,729,3213,202,542,0,0,0
46,LOT,102,Figeac,6795,4912,4657,0,216,1881,0,210,295,1795,35,225,0,0,0
47,LOT ET GARONNE,1,Agen,18977,12832,12231,0,772,2465,0,1040,779,3993,770,1910,0,84,418
47,LOT ET GARONNE,157,Marmande,13357,8971,8410,0,689,1589,0,687,473,3051,44,1100,0,48,729
47,LOT ET GARONNE,310,Tonneins,6615,5217,4870,0,490,1400,0,292,249,1367,39,606,0,23,404
47,LOT ET GARONNE,323,Villeneuve-sur-Lot,16130,11142,10359,0,514,1660,0,727,675,3841,451,1739,0,82,670
48,LOZERE,95,Mende,6823,5075,4939,0,136,1075,0,230,154,2959,0,385,0,0,0
49,MAINE ET LOIRE,7,Angers,78443,50270,48184,2618,1966,0,17328,3815,1868,14183,1669,4737,0,0,0
49,MAINE ET LOIRE,15,Avrillé,8944,5872,5608,314,231,0,1548,646,239,1883,227,520,0,0,0
49,MAINE ET LOIRE,99,Cholet,35180,21105,19675,1216,848,0,4728,2056,1566,6406,804,2051,0,0,0
49,MAINE ET LOIRE,246,Les Ponts-de-Cé,7664,5430,5112,273,311,0,1718,577,213,1336,182,502,0,0,0
49,MAINE ET LOIRE,267,Saint-Barthélemy-d'Anjou,6753,4531,4313,282,269,0,1507,470,195,1063,163,364,0,0,0
49,MAINE ET LOIRE,328,Saumur,19011,11425,10590,715,386,0,2660,699,619,3977,310,1224,0,0,0
49,MAINE ET LOIRE,353,Trélazé,6818,4268,4000,230,1078,0,1152,262,245,549,81,403,0,0,0
50,MANCHE,129,Cherbourg-Octeville,15351,9337,9064,0,430,2827,0,344,863,2109,1246,1114,0,0,131
50,MANCHE,147,Coutances,6340,4096,3821,0,113,493,0,400,629,1384,296,364,0,0,142
50,MANCHE,173,Equeurdreville-Hainneville,11814,7405,6985,0,460,1957,0,441,1223,662,1519,622,0,0,101
50,MANCHE,218,Granville,8813,5272,5055,0,193,904,0,482,593,1549,639,636,0,0,59
50,MANCHE,502,Saint-Lô,13715,8615,8180,0,266,1802,0,813,1027,2787,476,859,0,0,150
50,MANCHE,602,Tourlaville,10835,6637,6376,0,363,1931,0,429,887,1250,664,741,0,0,111
50,MANCHE,383,Octeville,9315,5691,5484,0,368,1505,0,290,781,957,821,687,0,0,75
51,MARNE,108,Châlons-en-Champagne,27278,16066,15335,0,2017,1917,0,1351,1598,5509,631,1978,334,0,0
51,MARNE,230,Epernay,16625,8939,8470,0,1218,1347,0,673,994,2480,557,1117,84,0,0
51,MARNE,454,Reims,94175,54427,52230,0,4634,9192,0,4512,5477,17340,2947,7662,466,0,0
51,MARNE,573,Tinqueux,6786,4187,4030,0,277,831,0,363,456,1241,303,507,52,0,0
51,MARNE,649,Vitry-le-François,9119,5411,5149,0,312,1141,0,431,478,1703,198,820,66,0,0
52,HAUTE MARNE,121,Chaumont,17631,10644,10030,0,528,1597,0,0,1522,3300,2072,1011,0,0,0
52,HAUTE MARNE,269,Langres,5768,3630,3418,0,80,1083,0,0,515,1015,244,481,0,0,0
52,HAUTE MARNE,448,Saint-Dizier,19289,10687,9995,0,1369,1249,0,0,1374,3150,572,2281,0,0,0
53,MAYENNE,62,Château-Gontier,7697,5176,4785,0,165,737,389,365,666,2162,0,301,0,0,0
53,MAYENNE,130,Laval,31783,21938,20536,0,793,5424,886,2110,1640,7866,0,1817,0,0,0
53,MAYENNE,147,Mayenne,9039,6574,6181,0,124,2759,116,416,370,2022,0,374,0,0,0
54,MEURTHE ET MOSELLE,159,Dombasle-sur-Meurthe,6790,4220,3942,0,295,1005,193,318,352,1188,0,591,0,0,0
54,MEURTHE ET MOSELLE,274,Jarville-la-Malgrange,5560,3463,3302,0,147,581,165,321,352,1171,0,565,0,0,0
54,MEURTHE ET MOSELLE,304,Laxou,9291,5199,5011,0,163,948,284,523,475,1854,0,764,0,0,0
54,MEURTHE ET MOSELLE,323,Longwy,8595,5079,4835,0,654,865,356,350,438,1387,0,785,0,0,0
54,MEURTHE ET MOSELLE,329,Lunéville,13430,8071,7623,0,484,1369,429,575,752,2589,0,1425,0,0,0
54,MEURTHE ET MOSELLE,395,Nancy,51672,30791,29762,0,1070,4610,1266,2770,2295,13773,0,3978,0,0,0
54,MEURTHE ET MOSELLE,431,Pont-à-Mousson,8989,5480,5090,0,185,1013,286,434,539,1705,0,928,0,0,0
54,MEURTHE ET MOSELLE,482,Saint-Max,7251,4585,4435,0,155,686,129,357,382,2191,0,535,0,0,0
54,MEURTHE ET MOSELLE,528,Toul,9293,5452,5183,0,197,850,279,476,515,1862,0,1004,0,0,0
54,MEURTHE ET MOSELLE,547,Vandoeuvre-lès-Nancy,17261,10031,9679,0,431,1803,732,971,936,3195,0,1611,0,0,0
54,MEURTHE ET MOSELLE,578,Villers-lès-Nancy,11059,7621,7331,0,260,1294,385,766,678,3095,0,853,0,0,0
54,MEURTHE ET MOSELLE,580,Villerupt,6982,4349,4143,0,1329,835,209,326,427,664,0,353,0,0,0
55,MEUSE,29,Bar-le-Duc,11039,7071,6704,0,330,1438,262,451,619,2957,0,647,0,0,0
55,MEUSE,545,Verdun,12562,7660,7207,0,293,873,1085,477,629,2905,0,945,0,0,0
56,MORBIHAN,7,Auray,6559,4551,4366,0,241,682,0,480,205,1601,457,589,0,111,0
56,MORBIHAN,83,Hennebont,10248,6888,6616,0,1467,1221,0,591,424,1728,423,566,0,196,0
56,MORBIHAN,98,Lanester,15952,10747,10267,0,2413,1757,0,922,884,2022,736,1171,0,362,0
56,MORBIHAN,121,Lorient,41941,25165,24107,0,1964,5516,0,2292,1828,6681,1756,3261,0,809,0
56,MORBIHAN,162,Ploemeur,11918,8076,7690,0,374,1490,0,801,647,2409,786,950,0,233,0
56,MORBIHAN,178,Pontivy,8905,6091,5729,0,464,1095,0,495,520,1951,582,480,0,142,0
56,MORBIHAN,260,Vannes,26516,18481,17905,0,606,2906,0,1824,1647,6820,1352,2293,0,457,0
57,MOSELLE,58,Behren-lès-Forbach,4779,2234,2134,0,104,345,190,272,244,354,109,516,0,0,0
57,MOSELLE,160,Creutzwald,7936,4963,4770,0,205,538,577,430,409,1015,587,1009,0,0,0
57,MOSELLE,206,Fameck,8061,5269,5082,0,277,1199,365,389,317,672,1043,820,0,0,0
57,MOSELLE,221,Florange,7051,4349,4154,0,263,545,377,376,312,654,851,776,0,0,0
57,MOSELLE,227,Forbach,13175,6955,6636,0,163,743,741,614,730,1584,560,1501,0,0,0
57,MOSELLE,240,Freyming-Merlebach,10590,6326,5940,0,205,1000,458,474,721,1512,378,1192,0,0,0
57,MOSELLE,306,Hayange,10297,5952,5646,0,701,751,413,456,418,1099,887,921,0,0,0
57,MOSELLE,332,Hombourg-Haut,6178,3671,3521,0,69,474,445,334,331,917,225,726,0,0,0
57,MOSELLE,447,Marly,7171,4803,4615,0,82,527,854,421,383,1101,551,696,0,0,0
57,MOSELLE,463,Metz,70147,40752,39356,0,1103,3333,11859,3161,2710,7143,4277,5770,0,0,0
57,MOSELLE,480,Montigny-lès-Metz,16547,10135,9603,0,301,1080,2048,917,754,1807,1258,1438,0,0,0
57,MOSELLE,491,Moyeuvre-Grande,6110,3548,3333,0,598,578,193,229,274,222,766,473,0,0,0
57,MOSELLE,591,Rombas,6402,4468,4270,0,253,879,284,330,277,221,1490,536,0,0,0
57,MOSELLE,606,Saint-Avold,11459,6648,6428,0,172,632,1179,598,566,1805,387,1089,0,0,0
57,MOSELLE,630,Sarrebourg,8518,5345,5081,0,54,317,691,456,520,1932,263,848,0,0,0
57,MOSELLE,631,Sarreguemines,16125,10389,9731,0,209,545,2640,903,949,2084,570,1831,0,0,0
57,MOSELLE,660,Stiring-Wendel,8866,4999,4724,0,150,587,507,728,502,944,306,1000,0,0,0
57,MOSELLE,672,Thionville,26331,15977,15404,0,1470,1213,1878,1358,1022,3681,2695,2087,0,0,0
57,MOSELLE,683,Uckange,4513,2634,2459,0,156,351,195,225,146,316,501,569,0,0,0
57,MOSELLE,751,Woippy,7044,4464,4237,0,211,615,570,335,340,474,734,958,0,0,0
57,MOSELLE,757,Yutz,10492,6420,6049,0,326,585,641,555,526,1114,1363,939,0,0,0
58,NIEVRE,86,Cosne-Cours-sur-Loire,8587,5564,5319,0,417,1350,0,231,382,2027,0,665,0,0,247
58,NIEVRE,194,Nevers,27283,16444,15612,0,1526,4655,0,961,1398,4925,0,1652,0,0,495
58,NIEVRE,303,Varennes-Vauzelles,7409,5071,4796,0,1364,1148,0,314,408,1039,0,366,0,0,157
59,NORD,8,Aniche,6495,4289,4098,134,1083,758,0,238,292,583,476,382,0,0,152
59,NORD,14,Anzin,8869,6023,5852,67,1228,1174,0,171,198,319,1783,846,0,0,66
59,NORD,17,Armentières,16658,11712,11148,270,930,3663,0,625,775,1953,1159,1471,0,0,302
59,NORD,33,Aulnoye-Aymeries,6746,4918,4689,110,1440,496,0,277,246,363,929,672,0,0,156
59,NORD,43,Bailleul,9273,6902,6558,124,231,1919,0,446,458,1478,1019,566,0,0,317
59,NORD,90,Bondues,7255,5245,5138,19,48,452,0,215,197,2139,1332,627,0,0,109
59,NORD,112,Bruay-sur-l'Escaut,7687,5373,5225,98,1347,528,0,225,219,307,1510,844,0,0,147
59,NORD,122,Cambrai,22325,15307,14684,238,955,2591,0,733,569,5609,1694,1883,0,0,412
59,NORD,139,Caudry,9570,6898,6512,139,692,1776,0,274,288,1265,1010,871,0,0,197
59,NORD,152,Comines,7570,4675,4482,79,709,727,0,263,241,1042,523,761,0,0,137
59,NORD,153,Condé-sur-l'Escaut,6454,4557,4399,94,531,873,0,167,244,426,1178,682,0,0,204
59,NORD,155,Coudekerque-Branche,15857,11857,11261,257,948,3639,0,697,861,2015,1001,1360,0,0,483
59,NORD,163,Croix,13537,8937,8610,132,435,1482,0,522,449,2891,928,1635,0,0,136
59,NORD,172,Denain,11230,7849,7592,149,1987,1299,0,306,316,757,1529,1095,0,0,154
59,NORD,178,Douai,25575,15953,15416,271,1683,2541,0,673,858,5648,1374,2067,0,0,301
59,NORD,179,Douchy-les-Mines,6588,4538,4371,68,1296,545,0,210,182,318,977,712,0,0,63
59,NORD,183,Dunkerque,49822,33394,32089,483,1568,10273,0,1628,1915,8442,3242,3689,0,0,849
59,NORD,205,Escaudain,5759,4060,3939,86,1355,559,0,184,155,283,783,437,0,0,97
59,NORD,220,Faches-Thumesnil,12288,8272,7884,128,489,2164,0,594,535,1492,1183,1194,0,0,105
59,NORD,249,Fourmies,9474,6298,5842,195,1113,1162,0,317,400,955,767,782,0,0,151
59,NORD,271,Grande-Synthe,13652,9239,8728,255,934,2499,0,685,865,757,823,1475,0,0,435
59,NORD,273,Gravelines,8156,6448,6109,141,350,2089,0,528,584,639,727,618,0,0,433
59,NORD,279,Halluin,11388,8446,7867,148,690,1874,0,450,606,1584,818,1541,0,0,156
59,NORD,286,Haubourdin,9049,5899,5641,137,931,1158,0,422,401,1018,651,776,0,0,147
59,NORD,291,Hautmont,9240,6355,6180,114,1047,705,0,316,271,993,773,1858,0,0,103
59,NORD,295,Hazebrouck,14610,10712,10109,289,520,2527,0,1201,706,2651,874,956,0,0,385
59,NORD,299,Hem,11851,8895,8530,224,443,1779,0,559,549,2278,935,1626,0,0,137
59,NORD,324,Jeumont,6151,4141,4022,60,272,743,0,180,191,735,910,866,0,0,65
59,NORD,368,La Madeleine,13702,8313,8048,183,475,1369,0,522,525,2757,941,1152,0,0,124
59,NORD,328,Lambersart,19867,13514,13227,161,570,2097,0,706,700,5854,1405,1563,0,0,171
59,NORD,339,Leers,7131,5016,4804,85,284,869,0,375,395,1099,646,958,0,0,93
59,NORD,350,Lille,93057,56665,54432,1185,3878,13763,0,3710,4045,12348,6439,8364,0,0,700
59,NORD,360,Loos,11530,7976,7648,180,709,2450,0,461,496,1222,737,1235,0,0,158
59,NORD,367,Lys-lez-Lannoy,8505,5910,5562,124,364,1073,0,435,462,1128,657,1236,0,0,83
59,NORD,378,Marcq-en-Baroeul,25182,16290,15930,153,898,2210,0,904,812,6780,1891,2061,0,0,221
59,NORD,383,Marly,7654,5688,5478,78,1206,561,0,202,204,390,2063,644,0,0,130
59,NORD,386,Marquette-lez-Lille,6206,3947,3809,60,366,952,0,253,255,871,411,557,0,0,84
59,NORD,392,Maubeuge,22126,13324,12861,210,1338,1945,0,592,585,1781,2865,3356,0,0,189
59,NORD,400,Merville,6348,4891,4559,123,384,1264,0,362,314,1010,427,439,0,0,236
59,NORD,410,Mons-en-Baroeul,12859,8418,8103,178,604,1857,0,660,591,1665,1012,1417,0,0,119
59,NORD,421,Mouvaux,9189,6811,6632,92,176,843,0,376,363,2642,970,1079,0,0,91
59,NORD,426,Neuville-en-Ferrain,7609,5468,5289,69,195,1002,0,339,431,1423,660,1078,0,0,92
59,NORD,447,Onnaing,6237,4287,4163,60,1379,302,0,155,157,266,1166,556,0,0,122
59,NORD,491,Raismes,9813,7380,7183,102,3418,411,0,294,225,340,1617,614,0,0,162
59,NORD,507,Ronchin,12301,8142,7772,127,498,2693,0,517,561,1156,969,1136,0,0,115
59,NORD,508,Roncq,8629,6451,6208,92,570,1064,0,343,415,1631,820,1137,0,0,136
59,NORD,512,Roubaix,42577,27145,25993,771,1608,5310,0,1508,1520,6335,2001,6583,0,0,357
59,NORD,526,Saint-Amand-les-Eaux,11421,7991,7551,80,1694,705,0,297,340,1463,1668,961,0,0,343
59,NORD,527,Saint-André-lez-Lille,6661,4644,4522,53,312,1125,0,222,227,1477,415,630,0,0,61
59,NORD,540,Saint-Pol-sur-Mer,15181,10363,9863,263,1089,3192,0,637,929,1089,823,1403,0,0,438
59,NORD,544,Saint-Saulve,7257,5198,5074,76,469,469,0,182,183,461,2570,574,0,0,90
59,NORD,560,Seclin,8171,5834,5593,122,1497,814,0,293,445,1025,586,700,0,0,111
59,NORD,569,Sin-le-Noble,11326,7178,6899,188,1745,1153,0,358,450,1347,626,797,0,0,235
59,NORD,574,Somain,8445,6069,5854,91,2408,784,0,254,317,552,806,474,0,0,168
59,NORD,599,Tourcoing,53119,35401,33973,753,1716,6620,0,1930,2353,7216,3486,9389,0,0,510
59,NORD,606,Valenciennes,23206,16347,15852,109,1680,1084,0,450,409,1523,8775,1618,0,0,204
59,NORD,616,Vieux-Condé,7686,5283,5067,92,1385,472,0,279,271,460,1174,687,0,0,247
59,NORD,9,Villeneuve-d'Ascq,35526,23922,23072,468,1494,6229,0,2077,1944,4526,3056,2843,0,0,435
59,NORD,646,Wasquehal,13138,8875,8558,113,495,1049,0,518,491,3739,792,1193,0,0,168
59,NORD,648,Wattignies,9082,6065,5857,114,303,1289,0,455,523,1379,778,918,0,0,98
59,NORD,650,Wattrelos,29404,19159,18254,561,1263,4875,0,1314,1303,2366,1632,4637,0,0,303
59,NORD,355,Lomme,18068,12280,11719,268,1087,3872,0,724,752,1652,1247,1841,0,0,276
60,OISE,57,Beauvais,30925,22946,21938,453,977,5474,0,1593,1239,8251,818,2642,0,0,491
60,OISE,141,Chantilly,7240,4459,4335,64,162,542,0,429,331,1710,87,860,0,0,150
60,OISE,159,Compiègne,21663,13910,13484,298,577,1602,0,1400,1243,5612,340,1909,0,0,503
60,OISE,175,Creil,15781,9056,8742,376,750,1891,0,730,574,1824,143,2201,0,0,253
60,OISE,176,Crépy-en-Valois,8581,6070,5737,137,1021,669,0,487,523,1541,159,963,0,0,237
60,OISE,282,Gouvieux,6274,4186,4073,60,144,426,0,428,352,1677,112,653,0,0,221
60,OISE,395,Méru,6238,4255,4124,101,376,885,0,323,237,1105,78,888,0,0,131
60,OISE,414,Montataire,6582,4367,4248,130,1771,282,0,270,240,533,55,816,0,0,151
60,OISE,463,Nogent-sur-Oise,10409,6897,6634,205,584,1091,0,612,519,1861,155,1391,0,0,216
60,OISE,471,Noyon,7509,4849,4643,137,288,475,0,335,275,1755,89,1083,0,0,206
60,OISE,509,Pont-Sainte-Maxence,5960,3962,3762,137,397,541,0,420,337,1095,101,590,0,0,144
60,OISE,612,Senlis,9158,5981,5760,131,201,599,0,602,459,2576,128,840,0,0,224
61,ORNE,1,Alençon,18117,11387,10920,0,473,2773,0,901,758,4706,362,947,0,0,0
61,ORNE,6,Argentan,10552,7361,6912,0,535,1839,0,589,507,1048,1805,589,0,0,0
61,ORNE,169,Flers,10468,7108,6709,0,494,1189,0,526,757,1918,907,918,0,0,0
61,ORNE,214,L'Aigle,5632,3815,3610,0,132,1041,0,337,233,1197,176,494,0,0,0
62,PAS DE CALAIS,14,Aire-sur-la-Lys,6983,5342,4954,0,299,1369,82,303,282,1470,335,407,0,0,407
62,PAS DE CALAIS,40,Arques,6663,4946,4625,0,265,1681,103,276,305,907,222,485,0,0,381
62,PAS DE CALAIS,41,Arras,25645,18881,18014,0,1182,4991,256,1084,1595,4054,1992,2208,0,0,652
62,PAS DE CALAIS,48,Auchel,8679,6622,6346,0,2755,902,90,252,291,874,486,494,0,0,202
62,PAS DE CALAIS,65,Avion,12012,8568,8138,0,3649,1094,107,511,584,624,423,936,0,0,210
62,PAS DE CALAIS,108,Berck,9956,7222,6718,0,384,1750,104,318,427,2024,253,563,0,0,895
62,PAS DE CALAIS,119,Béthune,19171,13415,12810,0,1107,4286,198,735,938,2830,933,1400,0,0,383
62,PAS DE CALAIS,160,Boulogne-sur-Mer,28446,17232,16495,0,1828,4158,245,1012,1134,2861,2813,1955,0,0,489
62,PAS DE CALAIS,178,Bruay-la-Buissière,19120,12756,12050,0,1628,4882,258,821,773,1455,782,1120,0,0,331
62,PAS DE CALAIS,186,Bully-les-Mines,9127,6551,6188,0,1047,1942,162,435,558,810,407,658,0,0,169
62,PAS DE CALAIS,193,Calais,49090,29684,28241,0,7057,4534,373,1637,2628,5784,2040,3002,0,0,1186
62,PAS DE CALAIS,215,Carvin,10835,7749,7424,0,2355,1129,303,471,452,1042,374,1030,0,0,268
62,PAS DE CALAIS,250,Courrières,8315,5889,5598,0,680,1648,183,423,511,616,308,1025,0,0,204
62,PAS DE CALAIS,318,Etaples,7946,5760,5445,0,503,726,93,265,280,2214,127,453,0,0,784
62,PAS DE CALAIS,413,Harnes,9292,6138,5861,0,1707,1124,115,330,380,656,331,1094,0,0,124
62,PAS DE CALAIS,427,Hénin-Beaumont,18157,12911,12292,0,1810,3594,195,762,1154,1656,909,1793,0,0,419
62,PAS DE CALAIS,667,Le Portel,6673,4718,4510,0,679,1060,95,237,271,1051,394,547,0,0,176
62,PAS DE CALAIS,498,Lens,24383,17128,16319,0,1913,5620,308,1086,1095,1994,1653,2269,0,0,381
62,PAS DE CALAIS,907,Libercourt,5565,3654,3499,0,703,836,97,178,287,463,159,721,0,0,55
62,PAS DE CALAIS,510,Liévin,22267,15552,14635,0,2020,5515,283,992,1309,1294,894,1858,0,0,470
62,PAS DE CALAIS,516,Lillers,7084,5692,5345,0,1604,1341,63,183,269,1108,139,438,0,0,200
62,PAS DE CALAIS,525,Longuenesse,7855,5685,5415,0,275,1751,195,398,335,1162,389,601,0,0,309
62,PAS DE CALAIS,548,Marck,6172,4143,3869,0,479,827,75,322,336,873,247,425,0,0,285
62,PAS DE CALAIS,570,Méricourt,8737,5896,5632,0,2418,629,105,341,433,604,302,668,0,0,132
62,PAS DE CALAIS,587,Montigny-en-Gohelle,6734,4803,4592,0,1037,1475,105,212,345,491,207,579,0,0,141
62,PAS DE CALAIS,617,Noeux-les-Mines,9138,6610,6249,0,888,2179,105,392,417,1037,406,566,0,0,259
62,PAS DE CALAIS,637,Oignies,6306,4385,4217,0,620,1036,91,257,270,609,230,1024,0,0,80
62,PAS DE CALAIS,643,Outreau,9704,7152,6788,0,1163,2193,131,462,511,1007,391,663,0,0,267
62,PAS DE CALAIS,724,Rouvroy,5837,4540,4412,0,2466,338,74,154,235,437,146,444,0,0,118
62,PAS DE CALAIS,758,Saint-Martin-Boulogne,8324,5731,5513,0,686,1493,88,339,422,1147,626,482,0,0,230
62,PAS DE CALAIS,765,Saint-Omer,9836,6857,6529,0,286,1331,373,351,340,2182,459,715,0,0,492
62,PAS DE CALAIS,771,Sallaumines,7114,4670,4507,0,1747,853,78,234,321,359,234,584,0,0,97
63,PUY DE DOME,14,Aubière,5623,3944,3766,0,252,769,0,289,311,1790,0,355,0,0,0
63,PUY DE DOME,32,Beaumont,6756,4615,4397,0,206,941,0,350,482,2044,0,374,0,0,0
63,PUY DE DOME,75,Chamalières,11639,8619,8303,0,241,1189,0,539,588,5051,0,695,0,0,0
63,PUY DE DOME,113,Clermont-Ferrand,67755,45873,43584,0,2888,11042,0,3453,3947,18028,0,4226,0,0,0
63,PUY DE DOME,124,Cournon-d'Auvergne,12042,8774,8296,0,430,2268,0,671,681,3531,0,715,0,0,0
63,PUY DE DOME,164,Gerzat,5200,3712,3470,0,310,819,0,218,389,1346,0,388,0,0,0
63,PUY DE DOME,178,Issoire,8670,6119,5771,0,381,1320,0,415,469,2719,0,467,0,0,0
63,PUY DE DOME,300,Riom,11085,7899,7456,0,738,1708,0,606,671,3054,0,679,0,0,0
63,PUY DE DOME,430,Thiers,9345,6757,6359,0,362,2001,0,324,358,2595,0,719,0,0,0
64,PYRENEES ATLANTIQUES,24,Anglet,23755,15906,15310,0,895,2669,392,1489,796,4942,913,1562,0,591,1061
64,PYRENEES ATLANTIQUES,102,Bayonne,23952,15856,15264,0,882,3294,260,964,689,4978,1100,1533,0,749,815
64,PYRENEES ATLANTIQUES,122,Biarritz,21566,13043,12563,0,455,1868,722,976,553,4516,779,1532,0,597,565
64,PYRENEES ATLANTIQUES,129,Billère,8504,5370,5177,0,248,1148,76,401,206,1914,258,586,0,86,254
64,PYRENEES ATLANTIQUES,260,Hendaye,7273,4432,4255,0,350,1002,56,333,198,1025,124,415,0,404,348
64,PYRENEES ATLANTIQUES,348,Lons,5608,3945,3782,0,167,656,65,365,119,782,893,484,0,39,212
64,PYRENEES ATLANTIQUES,422,Oloron-Sainte-Marie,7330,5342,5127,0,674,1146,73,269,169,1653,250,330,0,109,454
64,PYRENEES ATLANTIQUES,430,Orthez,7950,5944,5671,0,231,1912,100,291,155,1821,204,280,0,198,479
64,PYRENEES ATLANTIQUES,445,Pau,50620,31841,30653,0,1423,6819,535,2375,1272,10712,1450,4295,0,427,1345
64,PYRENEES ATLANTIQUES,483,Saint-Jean-de-Luz,9574,6393,6191,0,226,1044,68,453,262,2152,360,642,0,474,510
65,HAUTES PYRENEES,286,Lourdes,12703,9651,9279,0,269,1503,0,0,699,5748,181,709,0,170,0
65,HAUTES PYRENEES,440,Tarbes,31147,18378,17492,0,2875,3491,0,0,1822,6417,563,1876,0,448,0
66,PYRENEES ORIENTALES,136,Perpignan,68472,38640,36902,0,3182,4446,0,2774,1918,10378,0,11307,0,1107,1790
66,PYRENEES ORIENTALES,172,Saint-Estève,7244,4682,4488,0,425,598,0,384,279,1252,0,1194,0,106,250
67,BAS RHIN,43,Bischheim,9161,5085,4932,0,218,483,105,452,523,1442,234,1129,276,70,0
67,BAS RHIN,46,Bischwiller,5406,3167,3068,0,42,222,48,165,273,994,449,579,244,52,0
67,BAS RHIN,180,Haguenau,17516,11588,11213,0,132,714,154,842,1235,4484,665,2001,760,226,0
67,BAS RHIN,204,Hoenheim,7062,4425,4285,0,126,458,84,419,526,1300,276,781,252,63,0
67,BAS RHIN,218,Illkirch-Graffenstaden,15053,9810,9437,0,137,982,133,847,1124,3237,612,1635,580,150,0
67,BAS RHIN,267,Lingolsheim,11611,7133,6801,0,109,706,119,656,828,1948,862,1045,414,114,0
67,BAS RHIN,348,Obernai,6304,4134,3913,0,43,403,88,279,425,1348,309,738,217,63,0
67,BAS RHIN,365,Ostwald,6636,4468,4211,0,84,492,61,401,472,1210,267,813,347,64,0
67,BAS RHIN,437,Saverne,5887,4201,4003,0,36,212,32,246,304,852,1549,583,138,51,0
67,BAS RHIN,447,Schiltigheim,17320,9754,9287,0,240,1144,236,880,1112,2497,535,1772,692,179,0
67,BAS RHIN,462,Sélestat,10799,7737,7453,0,79,3183,49,357,599,1874,201,835,185,91,0
67,BAS RHIN,482,Strasbourg,124365,74223,71902,0,1591,9929,1322,6122,7862,25253,3618,11524,3753,928,0
68,HAUT RHIN,63,Cernay,6387,3974,3808,0,99,641,0,211,521,851,0,947,272,0,266
68,HAUT RHIN,66,Colmar,35304,22333,21464,0,395,2749,0,1555,3206,6890,0,3805,1103,0,1761
68,HAUT RHIN,112,Guebwiller,6457,4429,4155,0,78,759,0,250,582,1254,0,633,331,0,268
68,HAUT RHIN,154,Illzach,9175,5720,5524,0,103,938,0,335,748,1501,0,1259,287,0,353
68,HAUT RHIN,166,Kingersheim,7513,5051,4887,0,82,1416,0,201,628,1085,0,1064,227,0,184
68,HAUT RHIN,224,Mulhouse,56078,34193,33154,0,749,7117,0,1779,3993,8391,0,7864,1660,0,1601
68,HAUT RHIN,271,Riedisheim,8467,5699,5512,0,66,857,0,324,901,1790,0,869,304,0,401
68,HAUT RHIN,278,Rixheim,7928,5451,5253,0,72,740,0,338,1125,1452,0,850,332,0,344
68,HAUT RHIN,297,Saint-Louis,10541,6131,5702,0,78,1006,0,322,797,1613,0,1160,401,0,325
68,HAUT RHIN,375,Wittelsheim,7117,4556,4370,0,235,969,0,249,569,848,0,1008,272,0,220
68,HAUT RHIN,376,Wittenheim,8753,5420,5207,0,241,1148,0,358,692,1121,0,1125,288,0,234
69,RHONE,27,Brignais,5391,3813,3681,49,176,373,184,321,248,1407,204,719,0,0,0
69,RHONE,29,Bron,20967,13536,13146,153,775,1959,520,1152,916,3339,721,3611,0,0,0
69,RHONE,34,Caluire-et-Cuire,26460,17924,17466,162,590,2120,701,1436,1600,6458,1250,3149,0,0,0
69,RHONE,275,Décines-Charpieu,12719,8699,8357,149,662,1587,265,597,670,1808,464,2155,0,0,0
69,RHONE,81,Ecully,11802,7861,7694,56,131,728,291,505,434,3422,705,1422,0,0,0
69,RHONE,89,Francheville,7614,5285,5123,44,167,650,277,574,429,1761,393,828,0,0,0
69,RHONE,277,Genas,5909,4189,4080,43,175,479,188,337,314,1228,261,1055,0,0,0
69,RHONE,91,Givors,10613,6607,6321,130,1817,500,229,337,477,1303,173,1355,0,0,0
69,RHONE,123,Lyon,229217,145268,140405,1674,6796,17579,5689,10528,9995,48138,11617,28389,0,0,0
69,RHONE,282,Meyzieu,16475,11047,10566,141,653,1982,309,846,837,2460,518,2820,0,0,0
69,RHONE,283,Mions,5202,3541,3411,61,276,503,136,256,323,767,166,923,0,0,0
69,RHONE,149,Oullins,15615,10800,10366,147,833,1694,430,867,1037,3083,649,1626,0,0,0
69,RHONE,152,Pierre-Bénite,4965,3295,3177,67,838,273,163,186,278,601,138,633,0,0,0
69,RHONE,286,Rillieux-la-Pape,16372,10142,9835,177,462,1495,378,674,861,2684,511,2593,0,0,0
69,RHONE,202,Sainte-Foy-lès-Lyon,13031,9584,9365,100,296,1063,422,788,586,3902,691,1517,0,0,0
69,RHONE,199,Saint-Fons,6963,4645,4413,110,600,757,155,264,405,651,194,1277,0,0,0
69,RHONE,204,Saint-Genis-Laval,11160,7558,7329,62,347,785,497,669,632,2413,473,1451,0,0,0
69,RHONE,290,Saint-Priest,22446,14407,13787,246,1024,2140,523,917,1223,2746,663,4305,0,0,0
69,RHONE,243,Tarare,6603,4125,3854,93,151,535,159,238,299,1574,167,638,0,0,0
69,RHONE,244,Tassin-la-Demi-Lune,9837,6768,6594,63,178,684,281,512,453,2798,467,1158,0,0,0
69,RHONE,256,Vaulx-en-Velin,16554,9928,9402,97,1876,1252,318,481,777,1369,322,2910,0,0,0
69,RHONE,259,Vénissieux,27735,17549,16872,391,3857,2116,579,1245,1377,2490,676,4141,0,0,0
69,RHONE,264,Villefranche-sur-Saône,14371,9222,8902,116,458,1137,456,584,548,3052,316,2235,0,0,0
69,RHONE,266,Villeurbanne,58991,38924,37371,480,2227,8893,1188,2708,3194,8587,1739,8355,0,0,0
70,HAUTE SAONE,285,Héricourt,5935,4052,3747,0,210,1407,60,306,310,809,86,559,0,0,0
70,HAUTE SAONE,550,Vesoul,9267,6564,6267,0,305,1871,85,375,355,2475,216,585,0,0,0
71,SAONE ET LOIRE,14,Autun,11283,7952,7480,123,242,2321,0,0,498,2760,200,1056,0,0,280
71,SAONE ET LOIRE,76,Chalon-sur-Saône,30698,19363,18547,309,1256,3514,0,0,1565,9268,288,1865,0,0,482
71,SAONE ET LOIRE,176,Digoin,6285,4209,4029,167,677,864,0,0,275,1199,118,303,0,0,426
71,SAONE ET LOIRE,230,Gueugnon,6537,4435,4186,139,470,1193,0,0,279,1376,130,280,0,0,319
71,SAONE ET LOIRE,153,Le Creusot,17797,11374,10842,148,818,3313,0,0,828,4076,260,1053,0,0,346
71,SAONE ET LOIRE,270,Mâcon,20527,12222,11529,189,671,2931,0,0,1403,4120,571,1299,0,0,345
71,SAONE ET LOIRE,306,Montceau-les-Mines,16977,9593,9082,183,976,2140,0,0,680,3362,282,1014,0,0,445
71,SAONE ET LOIRE,342,Paray-le-Monial,7158,4538,4312,116,324,676,0,0,365,2097,154,327,0,0,253
71,SAONE ET LOIRE,486,Saint-Vallier,6774,4221,4008,64,873,738,0,0,351,1271,120,397,0,0,194
72,SARTHE,3,Allonnes,8320,5362,5107,1268,551,323,0,406,353,1703,40,463,0,0,0
72,SARTHE,132,La Ferté-Bernard,6286,4110,3842,517,170,466,0,367,237,1592,87,406,0,0,0
72,SARTHE,154,La Flèche,10405,7014,6594,438,126,1247,0,476,319,3422,98,468,0,0,0
72,SARTHE,181,Le Mans,97354,60603,58250,19387,2780,4140,0,4034,3392,19568,663,4286,0,0,0
72,SARTHE,264,Sablé-sur-Sarthe,8300,5666,5341,321,127,355,0,353,274,3485,58,368,0,0,0
73,SAVOIE,8,Aix-les-Bains,16096,10356,9950,0,347,2304,0,621,731,3562,52,2059,0,274,0
73,SAVOIE,11,Albertville,10081,5923,5633,0,413,1110,0,369,464,2107,230,802,0,138,0
73,SAVOIE,65,Chambéry,28308,17904,17358,0,986,4882,0,1115,1306,6123,89,2591,0,266,0
73,SAVOIE,179,La Motte-Servolex,5843,4110,3975,0,187,902,0,344,342,1514,28,605,0,53,0
73,SAVOIE,248,Saint-Jean-de-Maurienne,4813,2923,2843,0,133,1035,0,123,204,920,33,359,0,36,0
74,HAUTE SAVOIE,10,Annecy,28001,16550,16026,0,635,2037,635,1423,1241,5999,1259,2236,0,307,254
74,HAUTE SAVOIE,11,Annecy-le-Vieux,11365,7492,7235,0,195,768,341,704,537,2091,1531,813,0,126,129
74,HAUTE SAVOIE,12,Annemasse,13009,7547,7299,0,229,258,2087,460,408,2047,258,1307,0,115,130
74,HAUTE SAVOIE,42,Bonneville,4705,3098,2969,0,137,235,369,219,270,747,213,661,0,46,72
74,HAUTE SAVOIE,56,Chamonix-Mont-Blanc,7082,3516,3423,0,74,265,238,355,305,1250,235,435,0,84,182
74,HAUTE SAVOIE,81,Cluses,7922,5162,4986,0,192,385,244,322,292,649,1425,1184,0,93,200
74,HAUTE SAVOIE,93,Cran-Gevrier,7910,4808,4643,0,203,1252,131,437,438,1052,267,671,0,83,109
74,HAUTE SAVOIE,133,Gaillard,4847,2780,2687,0,96,167,477,216,231,769,119,502,0,60,50
74,HAUTE SAVOIE,208,Passy,5482,3601,3390,0,322,441,246,321,287,757,236,515,0,87,178
74,HAUTE SAVOIE,225,Rumilly,5179,3292,3158,0,128,520,67,291,247,934,242,555,0,52,122
74,HAUTE SAVOIE,256,Sallanches,7237,4161,4035,0,157,406,243,302,310,1230,476,635,0,114,162
74,HAUTE SAVOIE,268,Seynod,7516,4955,4780,0,223,699,149,619,442,1345,345,670,0,153,135
74,HAUTE SAVOIE,281,Thonon-les-Bains,18171,11471,10861,0,422,843,949,791,1031,3089,1349,1695,0,449,243
75,PARIS,100,Paris,1112862,717903,702091,11118,33882,118226,0,76275,43512,317402,10519,91157,0,0,0
76,SEINE MARITIME,57,Barentin,8036,5926,5527,302,386,1760,0,433,538,952,128,615,0,0,413
76,SEINE MARITIME,95,Bihorel,6599,4812,4668,80,172,869,0,385,420,1843,122,612,0,0,165
76,SEINE MARITIME,108,Bois-Guillaume,8093,5821,5694,44,168,826,0,432,392,2865,137,669,0,0,161
76,SEINE MARITIME,114,Bolbec,8028,5329,5033,194,733,1053,0,288,365,1343,108,611,0,0,338
76,SEINE MARITIME,157,Canteleu,7910,5674,5431,158,657,1595,0,372,511,1101,50,714,0,0,273
76,SEINE MARITIME,165,Caudebec-lès-Elbeuf,6495,3838,3625,124,269,974,0,227,258,898,56,662,0,0,157
76,SEINE MARITIME,212,Darnétal,5459,3463,3272,173,363,708,0,202,360,795,61,434,0,0,176
76,SEINE MARITIME,216,Déville-lès-Rouen,7575,4541,4321,156,406,1110,0,343,384,1064,80,540,0,0,238
76,SEINE MARITIME,217,Dieppe,24067,15860,15075,521,2457,2672,0,793,1188,4920,242,1469,0,0,813
76,SEINE MARITIME,231,Elbeuf,8540,5218,4975,148,388,1308,0,362,425,1129,91,865,0,0,259
76,SEINE MARITIME,259,Fécamp,14278,9693,9205,319,333,2980,0,417,537,1680,1632,859,0,0,448
76,SEINE MARITIME,305,Gonfreville-l'Orcher,6585,4633,4436,259,1536,561,0,241,367,489,62,517,0,0,404
76,SEINE MARITIME,319,Grand-Couronne,6285,4326,4079,90,975,835,0,570,336,611,65,442,0,0,155
76,SEINE MARITIME,341,Harfleur,5534,4083,3907,168,779,710,0,244,352,910,62,410,0,0,272
76,SEINE MARITIME,322,Le Grand-Quevilly,19792,14931,14060,341,992,6035,0,956,1314,1847,248,1650,0,0,677
76,SEINE MARITIME,351,Le Havre,122599,79669,76506,1877,11619,12371,0,5027,5827,23737,1158,11397,0,0,3493
76,SEINE MARITIME,498,Le Petit-Quevilly,11796,8016,7650,254,1020,2619,0,429,669,1159,125,1063,0,0,312
76,SEINE MARITIME,384,Lillebonne,6150,3993,3842,149,203,1205,0,214,315,1020,81,350,0,0,305
76,SEINE MARITIME,410,Maromme,8026,5382,5132,170,1193,966,0,364,444,1201,80,471,0,0,243
76,SEINE MARITIME,447,Montivilliers,11120,7495,7196,138,634,1854,0,530,578,2067,187,806,0,0,402
76,SEINE MARITIME,451,Mont-Saint-Aignan,12786,8590,8418,105,300,1480,0,760,662,3820,189,881,0,0,221
76,SEINE MARITIME,484,Oissel,7243,5076,4853,104,2147,564,0,242,345,703,62,550,0,0,136
76,SEINE MARITIME,540,Rouen,55150,36747,35507,845,1842,7198,0,2742,3457,12774,726,4734,0,0,1189
76,SEINE MARITIME,575,Saint-Etienne-du-Rouvray,16970,11350,10866,304,2566,2270,0,713,1008,1663,189,1646,0,0,507
76,SEINE MARITIME,681,Sotteville-lès-Rouen,19760,13872,13025,369,1351,3411,0,1023,1372,3134,253,1554,0,0,558
76,SEINE MARITIME,758,Yvetot,7828,5220,4948,161,146,1505,0,275,612,1526,102,396,0,0,225
77,SEINE ET MARNE,14,Avon,8201,5528,5323,74,228,736,0,646,508,2232,0,773,0,0,126
77,SEINE ET MARNE,53,Brie-Comte-Robert,6392,3957,3839,78,206,676,0,455,350,1334,0,618,0,0,122
77,SEINE ET MARNE,83,Champs-sur-Marne,10513,6446,6239,117,1000,905,0,701,818,1463,0,1102,0,0,133
77,SEINE ET MARNE,108,Chelles,26133,16188,15683,298,1261,2319,0,1539,1329,5316,0,3236,0,0,385
77,SEINE ET MARNE,118,Claye-Souilly,5570,3530,3427,55,209,437,0,379,334,1265,0,631,0,0,117
77,SEINE ET MARNE,122,Combs-la-Ville,10857,7524,7209,125,412,1273,0,845,764,2489,0,1114,0,0,187
77,SEINE ET MARNE,131,Coulommiers,7570,4398,4227,117,247,673,0,356,329,1635,0,733,0,0,137
77,SEINE ET MARNE,152,Dammarie-les-Lys,11309,6690,6478,139,625,1133,0,678,474,2145,0,1092,0,0,192
77,SEINE ET MARNE,186,Fontainebleau,10223,6409,6181,88,120,662,0,550,400,3302,0,935,0,0,124
77,SEINE ET MARNE,243,Lagny-sur-Marne,10730,6327,6105,124,348,793,0,660,715,2276,0,1033,0,0,156
77,SEINE ET MARNE,285,Le Mée-sur-Seine,10951,6681,6425,159,367,1018,0,821,590,1970,0,1357,0,0,143
77,SEINE ET MARNE,258,Lognes,4437,2804,2722,58,160,730,0,339,295,738,0,325,0,0,77
77,SEINE ET MARNE,284,Meaux,21346,13254,12734,302,754,2585,0,1008,864,4305,0,2573,0,0,343
77,SEINE ET MARNE,288,Melun,18622,10595,10185,192,485,1539,0,1158,785,3685,0,2078,0,0,263
77,SEINE ET MARNE,294,Mitry-Mory,9821,6186,6009,132,1554,605,0,476,499,1348,0,1207,0,0,188
77,SEINE ET MARNE,296,Moissy-Cramayel,5844,3744,3583,93,307,750,0,437,401,873,0,635,0,0,87
77,SEINE ET MARNE,305,Montereau-Fault-Yonne,8356,5532,5316,187,830,886,0,329,345,1766,0,858,0,0,115
77,SEINE ET MARNE,333,Nemours,6143,3975,3761,92,255,457,0,312,326,1556,0,648,0,0,115
77,SEINE ET MARNE,337,Noisiel,6937,4133,4024,84,287,996,0,455,402,965,0,732,0,0,103
77,SEINE ET MARNE,350,Ozoir-la-Ferrière,9588,6162,5939,81,341,912,0,675,627,2079,0,1061,0,0,163
77,SEINE ET MARNE,373,Pontault-Combault,13968,9046,8772,142,657,1988,0,891,947,2527,0,1437,0,0,183
77,SEINE ET MARNE,379,Provins,6190,3745,3565,115,219,502,0,263,232,1381,0,565,0,0,288
77,SEINE ET MARNE,390,Roissy-en-Brie,10264,6040,5801,99,378,1353,0,652,684,1414,0,1067,0,0,154
77,SEINE ET MARNE,407,Saint-Fargeau-Ponthierry,6842,4117,3984,65,161,546,0,529,326,1497,0,734,0,0,126
77,SEINE ET MARNE,445,Savigny-le-Temple,8976,5844,5616,110,415,1154,0,773,580,1454,0,998,0,0,132
77,SEINE ET MARNE,468,Torcy,8356,5167,5025,119,401,1024,0,552,577,1528,0,715,0,0,109
77,SEINE ET MARNE,479,Vaires-sur-Marne,7482,4923,4739,66,375,815,0,462,452,1630,0,840,0,0,99
77,SEINE ET MARNE,514,Villeparisis,10354,6336,6163,128,815,925,0,517,512,1886,0,1224,0,0,156
78,YVELINES,5,Achères,8812,5366,5185,91,843,559,0,823,469,1338,178,884,0,0,0
78,YVELINES,15,Andrésy,8135,5318,5153,64,174,647,0,770,735,1579,303,881,0,0,0
78,YVELINES,29,Aubergenville,5810,3904,3746,81,201,409,0,438,358,1115,187,957,0,0,0
78,YVELINES,73,Bois-d'Arcy,6688,4570,4404,80,245,665,0,616,373,1341,331,753,0,0,0
78,YVELINES,123,Carrières-sous-Poissy,4783,3210,3091,60,234,294,0,346,275,596,660,626,0,0,0
78,YVELINES,124,Carrières-sur-Seine,6250,4136,3991,74,252,473,0,543,380,1313,185,771,0,0,0
78,YVELINES,138,Chanteloup-les-Vignes,3344,2130,2060,39,137,188,0,214,258,635,109,480,0,0,0
78,YVELINES,146,Chatou,18175,11659,11369,147,385,1249,0,1387,808,4822,855,1716,0,0,0
78,YVELINES,172,Conflans-Sainte-Honorine,19524,12498,12022,254,716,2442,0,1486,1188,3004,679,2253,0,0,0
78,YVELINES,190,Croissy-sur-Seine,5810,3966,3909,29,86,370,0,495,282,1807,347,493,0,0,0
78,YVELINES,208,Elancourt,12111,8202,7944,92,411,1814,0,1198,648,2098,611,1072,0,0,0
78,YVELINES,242,Fontenay-le-Fleury,7950,5114,4988,93,340,620,0,716,396,1727,397,699,0,0,0
78,YVELINES,297,Guyancourt,9269,6313,6103,119,448,1161,0,1004,680,1415,467,809,0,0,0
78,YVELINES,311,Houilles,17394,11615,11248,160,1190,1449,0,1461,1127,3337,488,2036,0,0,0
78,YVELINES,126,La Celle-Saint-Cloud,14789,9337,9165,125,299,1051,0,1264,681,3892,690,1163,0,0,0
78,YVELINES,158,Le Chesnay,19679,12160,11947,107,278,1128,0,1356,667,5762,1107,1542,0,0,0
78,YVELINES,481,Le Pecq,11764,7331,7181,73,205,924,0,804,456,3433,426,860,0,0,0
78,YVELINES,650,Le Vésinet,11715,7873,7756,56,97,517,0,733,469,4258,601,1025,0,0,0
78,YVELINES,165,Les Clayes-sous-Bois,10459,6531,6299,128,878,755,0,903,624,1805,356,850,0,0,0
78,YVELINES,440,Les Mureaux,13299,8054,7780,165,832,1032,0,897,551,1658,354,2291,0,0,0
78,YVELINES,335,Limay,6573,4633,4455,90,819,439,0,426,388,805,294,1194,0,0,0
78,YVELINES,358,Maisons-Laffitte,15194,9845,9643,94,222,991,0,1156,590,4324,677,1589,0,0,0
78,YVELINES,361,Mantes-la-Jolie,19026,10755,10396,225,718,1306,0,993,788,2586,510,3270,0,0,0
78,YVELINES,362,Mantes-la-Ville,10930,7327,6971,141,744,1240,0,724,507,1346,311,1958,0,0,0
78,YVELINES,372,Marly-le-Roi,11855,7862,7684,111,287,1087,0,1054,618,3282,339,906,0,0,0
78,YVELINES,383,Maurepas,13660,8505,8238,129,460,1282,0,1291,644,2455,837,1140,0,0,0
78,YVELINES,418,Montesson,7748,5233,5080,69,280,698,0,728,471,1829,337,668,0,0,0
78,YVELINES,423,Montigny-le-Bretonneux,16015,10490,10170,149,428,1608,0,1791,905,2497,1580,1212,0,0,0
78,YVELINES,490,Plaisir,14299,9100,8784,143,393,1624,0,1265,878,2884,512,1085,0,0,0
78,YVELINES,498,Poissy,19549,13454,13104,210,971,1630,0,1549,1168,4369,610,2597,0,0,0
78,YVELINES,517,Rambouillet,15340,10451,10097,177,469,1231,0,1504,821,3918,655,1322,0,0,0
78,YVELINES,545,Saint-Cyr-l'Ecole,9071,5997,5791,121,1053,718,0,710,478,1549,355,807,0,0,0
78,YVELINES,551,Saint-Germain-en-Laye,26329,16697,16318,206,395,1532,0,1686,948,8942,753,1856,0,0,0
78,YVELINES,586,Sartrouville,25694,17436,16765,275,2035,2408,0,1821,1360,4680,944,3242,0,0,0
78,YVELINES,621,Trappes,11127,6730,6484,205,1538,788,0,690,573,1128,324,1238,0,0,0
78,YVELINES,624,Triel-sur-Seine,6358,4336,4210,57,202,457,0,668,348,1393,319,766,0,0,0
78,YVELINES,640,Vélizy-Villacoublay,14949,10017,9721,117,504,1217,0,1251,710,4133,548,1241,0,0,0
78,YVELINES,642,Verneuil-sur-Seine,8345,5500,5348,80,344,716,0,787,447,1782,326,866,0,0,0
78,YVELINES,646,Versailles,54980,36817,36057,399,876,3398,0,3348,1819,15818,4803,5596,0,0,0
78,YVELINES,686,Viroflay,10905,7271,7111,81,222,1001,0,940,519,2984,492,872,0,0,0
78,YVELINES,688,Voisins-le-Bretonneux,6194,4708,4605,52,119,554,0,735,352,1524,720,549,0,0,0
79,DEUX SEVRES,49,Bressuire,12418,8840,8357,0,149,1515,0,0,1065,2618,311,506,0,0,2193
79,DEUX SEVRES,191,Niort,38738,24977,23302,0,1317,7256,0,0,2915,7808,575,1619,0,0,1812
79,DEUX SEVRES,202,Parthenay,7709,5543,5232,0,116,2207,0,0,390,1626,162,247,0,0,484
79,DEUX SEVRES,329,Thouars,7451,4889,4592,0,293,1362,0,0,665,1272,238,300,0,0,462
80,SOMME,1,Abbeville,17180,12034,11220,0,1433,1788,0,789,934,3306,0,1042,0,0,1928
80,SOMME,16,Albert,7661,5786,5533,0,888,578,0,320,466,2527,0,424,0,0,330
80,SOMME,21,Amiens,74897,48509,46970,0,5639,5843,0,3822,4280,18309,0,7101,0,0,1976
81,TARN,4,Albi,31755,21944,20804,0,1627,4987,0,0,2493,7994,731,2086,0,262,624
81,TARN,60,Carmaux,8652,5939,5519,0,801,1975,0,0,539,1371,185,378,0,95,175
81,TARN,65,Castres,30687,21238,20125,0,1350,3652,0,0,2095,6051,2824,3315,0,271,567
81,TARN,99,Gaillac,7868,5630,5360,0,325,1007,0,0,553,2214,220,710,0,64,267
81,TARN,105,Graulhet,8751,6627,6140,0,523,1300,0,0,592,1620,697,1081,0,89,238
81,TARN,163,Mazamet,8324,6057,5738,0,282,937,0,0,479,2369,406,1006,0,118,141
82,TARN ET GARONNE,33,Castelsarrasin,8309,5809,5473,104,647,970,0,267,355,0,1822,703,0,0,605
82,TARN ET GARONNE,112,Moissac,8691,6159,5819,96,234,1575,0,278,374,0,1838,884,0,0,540
82,TARN ET GARONNE,121,Montauban,33774,24369,23173,795,1342,4048,0,1400,2117,0,9279,3102,0,0,1090
83,VAR,23,Brignoles,7386,5358,5036,0,447,364,653,264,358,1482,75,1083,0,96,214
83,VAR,50,Draguignan,19186,13303,12843,0,641,853,2019,782,768,3947,106,2931,0,106,690
83,VAR,61,Fréjus,25727,16745,16044,0,451,542,2155,792,1031,5235,153,4596,0,191,898
83,VAR,69,Hyères,31813,21625,20445,0,913,721,2879,1410,1218,7242,132,5162,0,123,645
83,VAR,47,La Crau,7893,5521,5346,0,306,232,650,348,328,1608,39,1554,0,38,243
83,VAR,62,La Garde,15475,10636,10268,0,1483,333,1356,715,677,2613,99,2627,0,69,296
83,VAR,126,La Seyne-sur-Mer,40105,25333,24313,0,3803,539,3671,1257,1619,6509,161,5921,0,194,639
83,VAR,144,La Valette-du-Var,13890,9253,8923,0,573,301,1159,582,491,2844,87,2555,0,58,273
83,VAR,98,Le Pradet,6934,4936,4761,0,242,247,676,332,285,1367,45,1367,0,21,179
83,VAR,90,Ollioules,7302,5024,4787,0,314,157,777,245,376,1456,38,1123,0,58,243
83,VAR,107,Roquebrune-sur-Argens,6389,4586,4425,0,175,194,553,254,208,1357,46,1094,0,297,247
83,VAR,115,Sainte-Maxime,7202,4916,4782,0,118,150,658,303,237,1847,32,1215,0,31,191
83,VAR,116,Saint-Maximin-la-Sainte-Baume,6027,4393,4176,0,291,226,877,185,241,1101,36,960,0,66,193
83,VAR,118,Saint-Raphaël,20868,14683,14141,0,401,551,1734,664,746,5273,118,4065,0,111,478
83,VAR,123,Sanary-sur-Mer,11814,7834,7536,0,258,243,1103,385,388,2885,61,1920,0,46,247
83,VAR,129,Six-Fours-les-Plages,21790,14856,14298,0,742,434,2216,900,1059,4038,160,4048,0,142,559
83,VAR,130,Solliès-Pont,5304,3768,3607,0,299,200,419,243,220,982,28,1026,0,37,153
83,VAR,137,Toulon,108336,70659,68555,0,4614,2498,8601,3634,3674,23200,866,19602,0,454,1412
84,VAUCLUSE,3,Apt,7196,5276,5048,0,254,1260,0,322,347,1339,127,1267,0,132,0
84,VAUCLUSE,7,Avignon,52639,36671,35153,0,2312,7914,0,2626,2501,7460,3194,8686,0,460,0
84,VAUCLUSE,19,Bollène,9229,6023,5745,0,1122,1215,0,353,360,1104,108,1356,0,127,0
84,VAUCLUSE,31,Carpentras,16166,10853,10353,0,524,1651,0,712,702,3886,216,2534,0,128,0
84,VAUCLUSE,35,Cavaillon,14224,9859,9451,0,588,1881,0,560,726,3054,299,2236,0,107,0
84,VAUCLUSE,92,Le Pontet,9602,6626,6306,0,416,1214,0,561,516,1294,363,1846,0,96,0
84,VAUCLUSE,54,L'Isle-sur-la-Sorgue,10322,7172,6806,0,498,1514,0,694,408,1220,720,1634,0,118,0
84,VAUCLUSE,87,Orange,15375,11077,10476,0,504,1899,0,697,630,3002,355,3171,0,218,0
84,VAUCLUSE,89,Pertuis,10103,7049,6735,0,568,1695,0,662,442,1536,165,1570,0,97,0
84,VAUCLUSE,129,Sorgues,9702,7270,6970,0,953,813,0,432,344,2422,101,1805,0,100,0
84,VAUCLUSE,138,Valréas,5935,4661,4454,0,341,659,0,263,282,2081,38,723,0,67,0
85,VENDEE,47,Challans,11362,7549,7037,0,304,1463,0,691,805,3102,0,672,0,0,0
85,VENDEE,60,Château-d'Olonne,7828,5375,5045,0,212,1025,0,471,569,2053,0,715,0,0,0
85,VENDEE,92,Fontenay-le-Comte,9266,6170,5795,0,250,1382,0,578,532,2508,0,545,0,0,0
85,VENDEE,191,La Roche-sur-Yon,31308,21303,20205,0,815,6772,0,2532,1580,7206,0,1300,0,0,0
85,VENDEE,109,Les Herbiers,9220,7131,6645,0,123,748,0,500,616,4176,0,482,0,0,0
85,VENDEE,194,Les Sables-d'Olonne,13215,8103,7681,0,378,1486,0,536,668,3390,0,1223,0,0,0
85,VENDEE,128,Luçon,6529,4422,4188,0,217,1094,0,454,321,1732,0,370,0,0,0
86,VIENNE,66,Châtellerault,24481,15962,14995,0,1531,3607,0,1140,841,5866,0,2010,0,0,0
86,VIENNE,194,Poitiers,43464,28700,27522,0,1899,6669,0,2671,2307,11653,0,2323,0,0,0
87,HAUTE VIENNE,85,Limoges,82665,62058,58037,5485,2677,16863,0,4409,4212,19233,0,5158,0,0,0
87,HAUTE VIENNE,154,Saint-Junien,8706,6404,5972,2170,478,700,0,344,329,1607,0,344,0,0,0
88,VOSGES,160,Epinal,22456,13993,13183,0,700,2056,0,1082,1119,5042,0,1628,0,0,1556
88,VOSGES,383,Remiremont,5726,3838,3654,0,117,384,0,265,177,1835,0,496,0,0,380
88,VOSGES,413,Saint-Dié,15368,9366,8760,0,473,3087,0,439,597,2482,0,1117,0,0,565
89,YONNE,24,Auxerre,22259,13433,12792,0,901,1109,4257,872,1042,2273,217,1701,0,0,420
89,YONNE,206,Joigny,6025,3742,3598,0,236,346,361,197,206,1120,254,686,0,0,192
89,YONNE,387,Sens,14868,9750,9227,0,1367,895,891,536,476,2331,653,1600,0,0,478
90,TERRITOIRE DE BELFORT,10,Belfort,28115,17703,16697,344,796,5146,0,0,2294,5046,0,2841,0,0,230
91,ESSONNE,27,Athis-Mons,15846,10427,10018,533,935,1506,206,1050,886,2931,160,1811,0,0,0
91,ESSONNE,103,Brétigny-sur-Orge,11422,7711,7476,689,582,947,65,786,537,2811,94,965,0,0,0
91,ESSONNE,114,Brunoy,15891,10113,9863,425,499,1277,197,1280,751,3608,257,1569,0,0,0
91,ESSONNE,122,Bures-sur-Yvette,5832,4172,4057,291,232,721,66,615,303,1342,104,383,0,0,0
91,ESSONNE,161,Chilly-Mazarin,10416,6606,6389,258,274,1397,81,708,483,2167,75,946,0,0,0
91,ESSONNE,174,Corbeil-Essonnes,18781,11954,11548,432,2530,1149,112,923,799,3390,136,2077,0,0,0
91,ESSONNE,182,Courcouronnes,5828,4069,3933,170,146,1030,87,492,315,988,65,640,0,0,0
91,ESSONNE,200,Dourdan,5249,3924,3750,191,246,741,51,352,358,1256,44,511,0,0,0
91,ESSONNE,201,Draveil,17220,11175,10806,499,819,1508,157,1360,938,3628,214,1683,0,0,0
91,ESSONNE,215,Epinay-sous-Sénart,6511,4034,3906,180,287,603,59,428,347,1267,57,678,0,0,0
91,ESSONNE,216,Epinay-sur-Orge,6047,4236,4101,224,266,557,60,528,374,1338,122,632,0,0,0
91,ESSONNE,223,Etampes,11711,7761,7497,265,1779,526,97,561,414,2600,63,1192,0,0,0
91,ESSONNE,228,Evry,40734,26433,25567,1259,1760,5412,320,2810,2023,7404,363,4216,0,0,0
91,ESSONNE,272,Gif-sur-Yvette,13766,9520,9223,492,367,1234,164,1229,759,3921,183,874,0,0,0
91,ESSONNE,286,Grigny,10973,6015,5811,262,1411,679,68,476,496,1230,74,1115,0,0,0
91,ESSONNE,312,Igny,6520,4511,4364,181,503,568,93,565,411,1328,92,623,0,0,0
91,ESSONNE,326,Juvisy-sur-Orge,8036,5409,5256,292,308,899,80,513,407,1839,68,850,0,0,0
91,ESSONNE,692,Les Ulis,10416,7233,6980,560,576,1463,156,936,612,1470,119,1088,0,0,0
91,ESSONNE,345,Longjumeau,11777,7008,6790,458,405,1111,94,763,587,2191,108,1073,0,0,0
91,ESSONNE,377,Massy,22216,14179,13777,814,1130,2795,173,1849,1259,3663,183,1911,0,0,0
91,ESSONNE,386,Mennecy,7778,5121,4980,137,221,535,61,536,307,2282,107,794,0,0,0
91,ESSONNE,421,Montgeron,14642,9176,8865,309,529,1302,120,1082,723,2848,480,1472,0,0,0
91,ESSONNE,432,Morangis,6321,4390,4235,189,281,581,57,435,418,1505,43,726,0,0,0
91,ESSONNE,434,Morsang-sur-Orge,11958,7885,7622,425,1501,772,85,736,696,2039,217,1151,0,0,0
91,ESSONNE,471,Orsay,10142,7000,6819,473,355,1241,104,918,538,2263,164,763,0,0,0
91,ESSONNE,477,Palaiseau,19342,12749,12398,702,1532,1824,393,1477,997,3769,206,1498,0,0,0
91,ESSONNE,521,Ris-Orangis,14868,9451,9175,352,952,1529,134,924,747,2576,195,1766,0,0,0
91,ESSONNE,549,Sainte-Geneviève-des-Bois,18501,12094,11661,1360,1576,1229,195,1233,1066,3160,162,1680,0,0,0
91,ESSONNE,570,Saint-Michel-sur-Orge,12488,8116,7849,1682,468,691,112,799,604,2283,141,1069,0,0,0
91,ESSONNE,589,Savigny-sur-Orge,21114,14036,13553,664,1139,2153,173,1353,1088,4587,195,2201,0,0,0
91,ESSONNE,645,Verrières-le-Buisson,10592,7264,7089,314,286,954,124,879,504,3051,194,783,0,0,0
91,ESSONNE,657,Vigneux-sur-Seine,15186,8989,8654,453,1697,918,141,928,913,1897,87,1620,0,0,0
91,ESSONNE,661,Villebon-sur-Yvette,6007,4314,4228,236,169,528,31,438,241,2178,44,363,0,0,0
91,ESSONNE,687,Viry-Chatillon,15854,10811,10483,488,783,1382,170,1098,877,3390,242,2053,0,0,0
91,ESSONNE,691,Yerres,17641,11887,11439,499,764,1692,191,1779,1034,3194,297,1989,0,0,0
92,HAUTS DE SEINE,2,Antony,35107,24790,24201,332,1982,3510,388,3067,1780,9371,772,2999,0,0,0
92,HAUTS DE SEINE,4,Asnières-sur-Seine,37898,24000,23421,350,1207,3021,346,2202,1842,8658,1168,4627,0,0,0
92,HAUTS DE SEINE,7,Bagneux,20767,12957,12619,252,3206,1391,159,1461,933,3218,288,1711,0,0,0
92,HAUTS DE SEINE,9,Bois-Colombes,13834,9540,9319,91,432,1188,149,973,600,3880,388,1618,0,0,0
92,HAUTS DE SEINE,12,Boulogne-Billancourt,56227,35930,35243,383,1617,4589,445,2938,1870,17619,1217,4565,0,0,0
92,HAUTS DE SEINE,14,Bourg-la-Reine,12538,8259,8099,105,319,1178,150,911,444,3692,358,942,0,0,0
92,HAUTS DE SEINE,19,Châtenay-Malabry,17402,11047,10754,177,775,2233,163,1197,719,4028,277,1185,0,0,0
92,HAUTS DE SEINE,20,Châtillon,15780,11202,10880,182,926,1614,148,1104,877,4486,275,1268,0,0,0
92,HAUTS DE SEINE,22,Chaville,12078,7951,7757,94,410,1165,474,779,586,2913,308,1028,0,0,0
92,HAUTS DE SEINE,23,Clamart,30265,19819,19343,253,1476,2857,263,2127,1583,7235,911,2638,0,0,0
92,HAUTS DE SEINE,24,Clichy,24606,15311,14901,254,1423,3374,141,1183,981,4856,295,2394,0,0,0
92,HAUTS DE SEINE,25,Colombes,44471,28934,28146,490,4532,3289,391,2816,2052,8754,664,5158,0,0,0
92,HAUTS DE SEINE,26,Courbevoie,32327,22532,22084,245,979,2857,314,2283,1368,9992,806,3240,0,0,0
92,HAUTS DE SEINE,32,Fontenay-aux-Roses,14836,10006,9762,160,670,1617,319,1217,842,3271,461,1205,0,0,0
92,HAUTS DE SEINE,33,Garches,11118,7548,7388,62,188,794,127,713,442,3827,269,966,0,0,0
92,HAUTS DE SEINE,36,Gennevilliers,18929,11961,11622,238,4316,970,76,827,718,2055,150,2272,0,0,0
92,HAUTS DE SEINE,40,Issy-les-Moulineaux,28448,18136,17565,242,1408,2605,267,2014,1251,7098,470,2210,0,0,0
92,HAUTS DE SEINE,35,La Garenne-Colombes,13201,9042,8784,111,466,1201,142,865,721,3693,324,1261,0,0,0
92,HAUTS DE SEINE,60,Le Plessis-Robinson,12950,9036,8793,129,1263,1159,84,789,771,3525,212,861,0,0,0
92,HAUTS DE SEINE,44,Levallois-Perret,25439,18032,17593,243,1331,2198,205,1662,1133,7716,564,2541,0,0,0
92,HAUTS DE SEINE,46,Malakoff,19449,11905,11579,205,3672,1361,135,1049,715,2746,250,1446,0,0,0
92,HAUTS DE SEINE,48,Meudon,28861,19469,19041,249,1088,2814,315,2301,1367,8082,691,2134,0,0,0
92,HAUTS DE SEINE,49,Montrouge,22103,14332,13970,233,907,2494,175,1615,966,5335,405,1840,0,0,0
92,HAUTS DE SEINE,50,Nanterre,38428,24940,24268,404,5758,3431,221,1886,1961,6627,420,3560,0,0,0
92,HAUTS DE SEINE,51,Neuilly-sur-Seine,34816,23903,23593,107,183,1519,182,1335,666,15684,866,3051,0,0,0
92,HAUTS DE SEINE,62,Puteaux,22079,15880,15306,178,681,1583,153,1418,1000,7688,366,2239,0,0,0
92,HAUTS DE SEINE,63,Rueil-Malmaison,39328,27409,26668,341,1230,3472,493,2691,2076,12216,917,3232,0,0,0
92,HAUTS DE SEINE,64,Saint-Cloud,18945,12344,12092,88,191,1310,116,973,565,6877,374,1598,0,0,0
92,HAUTS DE SEINE,71,Sceaux,12909,9226,9069,113,308,1306,155,999,556,4322,361,949,0,0,0
92,HAUTS DE SEINE,72,Sèvres,13573,9325,9135,105,545,1422,173,1233,639,3735,311,972,0,0,0
92,HAUTS DE SEINE,73,Suresnes,20921,13692,13344,188,943,2463,152,1240,922,5274,452,1710,0,0,0
92,HAUTS DE SEINE,75,Vanves,14489,10401,10107,169,598,1669,163,1150,758,4003,372,1225,0,0,0
92,HAUTS DE SEINE,77,Ville-d'Avray,7157,5122,5055,24,83,551,125,445,263,2861,233,470,0,0,0
92,HAUTS DE SEINE,78,Villeneuve-la-Garenne,11337,6792,6581,122,676,868,61,516,515,2070,147,1606,0,0,0
93,SEINE SAINT-DENIS,1,Aubervilliers,29268,16542,15897,595,5033,1575,0,1378,1006,2781,0,3529,0,0,0
93,SEINE SAINT-DENIS,5,Aulnay-sous-Bois,37752,23238,22521,893,3087,2869,0,2186,1756,6685,0,5045,0,0,0
93,SEINE SAINT-DENIS,6,Bagnolet,15842,9508,9250,331,2774,1159,0,812,729,1719,0,1726,0,0,0
93,SEINE SAINT-DENIS,8,Bobigny,19512,11911,11513,459,3816,1255,0,974,746,1780,0,2483,0,0,0
93,SEINE SAINT-DENIS,10,Bondy,23427,14763,14258,604,1475,3327,0,1320,1002,3056,0,3474,0,0,0
93,SEINE SAINT-DENIS,14,Clichy-sous-Bois,9602,5717,5524,1042,427,590,0,526,367,1105,0,1467,0,0,0
93,SEINE SAINT-DENIS,29,Drancy,34606,20524,19785,683,5975,1726,0,1720,1399,3652,0,4630,0,0,0
93,SEINE SAINT-DENIS,31,Epinay-sur-Seine,25323,14628,14165,516,1468,2667,0,1574,934,3542,0,3464,0,0,0
93,SEINE SAINT-DENIS,32,Gagny,21653,13835,13340,484,1044,1751,0,1496,997,4988,0,2580,0,0,0
93,SEINE SAINT-DENIS,27,La Courneuve,14717,8895,8631,376,2902,813,0,661,589,1415,0,1875,0,0,0
93,SEINE SAINT-DENIS,7,Le Blanc-Mesnil,23830,15707,15197,612,3646,1758,0,1291,1035,3364,0,3491,0,0,0
93,SEINE SAINT-DENIS,13,Le Bourget,6538,4317,4201,156,441,446,0,451,278,1435,0,994,0,0,0
93,SEINE SAINT-DENIS,61,Le Pré-Saint-Gervais,7121,4840,4714,136,333,1797,0,343,264,1047,0,794,0,0,0
93,SEINE SAINT-DENIS,62,Le Raincy,9136,6086,5904,159,193,709,0,533,327,3019,0,964,0,0,0
93,SEINE SAINT-DENIS,45,Les Lilas,11325,7975,7742,255,510,1462,0,696,465,3041,0,1313,0,0,0
93,SEINE SAINT-DENIS,57,Les Pavillons-sous-Bois,11064,7023,6698,242,461,1222,0,793,476,1992,0,1512,0,0,0
93,SEINE SAINT-DENIS,46,Livry-Gargan,21351,14470,14015,492,987,2949,0,1337,1019,4004,0,3227,0,0,0
93,SEINE SAINT-DENIS,47,Montfermeil,10744,7435,7180,277,827,826,0,620,477,2413,0,1740,0,0,0
93,SEINE SAINT-DENIS,48,Montreuil,44430,27677,26788,1056,5925,3433,0,2826,2123,6550,0,4875,0,0,0
93,SEINE SAINT-DENIS,49,Neuilly-Plaisance,10240,6762,6594,267,515,842,0,640,473,2710,0,1147,0,0,0
93,SEINE SAINT-DENIS,50,Neuilly-sur-Marne,15648,10385,10011,500,884,2443,0,1096,748,2412,0,1928,0,0,0
93,SEINE SAINT-DENIS,51,Noisy-le-Grand,25031,15617,15089,615,1298,2427,0,1755,1515,4511,0,2968,0,0,0
93,SEINE SAINT-DENIS,53,Noisy-le-Sec,19521,11992,11612,408,2559,1391,0,1032,987,2763,0,2472,0,0,0
93,SEINE SAINT-DENIS,55,Pantin,22112,13300,12944,528,2367,2216,0,1144,910,3237,0,2542,0,0,0
93,SEINE SAINT-DENIS,59,Pierrefitte-sur-Seine,10696,7195,6942,241,1705,713,0,697,492,1418,0,1676,0,0,0
93,SEINE SAINT-DENIS,63,Romainville,12767,7748,7492,259,2437,750,0,661,488,1431,0,1466,0,0,0
93,SEINE SAINT-DENIS,64,Rosny-sous-Bois,20935,13297,12911,439,1417,1463,0,1191,884,5012,0,2505,0,0,0
93,SEINE SAINT-DENIS,66,Saint-Denis,35968,20433,19692,915,4979,2387,0,1945,1436,3127,0,4903,0,0,0
93,SEINE SAINT-DENIS,70,Saint-Ouen,16801,11274,10879,392,3208,1074,0,979,709,2247,0,2270,0,0,0
93,SEINE SAINT-DENIS,71,Sevran,20733,13085,12621,512,2352,1474,0,1284,1024,2757,0,3218,0,0,0
93,SEINE SAINT-DENIS,72,Stains,15870,9741,9407,347,3077,874,0,799,677,1540,0,2093,0,0,0
93,SEINE SAINT-DENIS,73,Tremblay-en-France,17919,11211,10833,462,2607,1198,0,1109,872,2043,0,2542,0,0,0
93,SEINE SAINT-DENIS,77,Villemomble,15962,10717,10398,391,511,1482,0,965,722,4143,0,2184,0,0,0
93,SEINE SAINT-DENIS,78,Villepinte,12747,8424,8135,329,925,1224,0,875,549,2336,0,1897,0,0,0
93,SEINE SAINT-DENIS,79,Villetaneuse,4161,2669,2580,94,817,269,0,254,152,423,0,571,0,0,0
94,VAL DE MARNE,2,Alfortville,19490,13456,12867,311,1283,4348,0,1205,822,2665,0,2233,0,0,0
94,VAL DE MARNE,3,Arcueil,11642,7395,7102,146,2442,848,0,745,573,1485,0,863,0,0,0
94,VAL DE MARNE,4,Boissy-Saint-Léger,7526,4803,4654,73,483,930,0,522,488,1409,0,749,0,0,0
94,VAL DE MARNE,11,Bonneuil-sur-Marne,7523,4913,4710,96,1690,677,0,345,319,914,0,669,0,0,0
94,VAL DE MARNE,15,Bry-sur-Marne,9109,6097,5948,64,351,763,0,663,414,2672,0,1021,0,0,0
94,VAL DE MARNE,16,Cachan,13050,9023,8662,151,871,2255,0,922,687,2522,0,1254,0,0,0
94,VAL DE MARNE,17,Champigny-sur-Marne,39224,24497,23871,339,6565,2878,0,2001,1499,6919,0,3670,0,0,0
94,VAL DE MARNE,18,Charenton-le-Pont,14431,9365,9132,155,472,1538,0,901,658,4094,0,1314,0,0,0
94,VAL DE MARNE,19,Chennevières-sur-Marne,9205,6076,5876,97,503,934,0,507,427,2308,0,1100,0,0,0
94,VAL DE MARNE,21,Chevilly-Larue,9254,6468,6224,129,1458,895,0,654,459,1761,0,868,0,0,0
94,VAL DE MARNE,22,Choisy-le-Roi,18550,11635,11287,301,2642,1966,0,957,724,2896,0,1801,0,0,0
94,VAL DE MARNE,28,Créteil,43420,27217,26411,364,2097,9227,0,2399,1606,6967,0,3751,0,0,0
94,VAL DE MARNE,33,Fontenay-sous-Bois,31134,19302,18863,294,5314,2032,0,1584,1341,5548,0,2750,0,0,0
94,VAL DE MARNE,34,Fresnes,13150,8723,8489,142,798,1965,0,1045,701,2501,0,1337,0,0,0
94,VAL DE MARNE,37,Gentilly,8706,5778,5590,156,1824,736,0,550,397,1242,0,685,0,0,0
94,VAL DE MARNE,41,Ivry-sur-Seine,25245,17062,16546,344,7793,1860,0,1159,1056,2631,0,1703,0,0,0
94,VAL DE MARNE,42,Joinville-le-Pont,10262,7044,6875,93,572,1006,0,704,500,2829,0,1171,0,0,0
94,VAL DE MARNE,60,La Queue-en-Brie,5566,3912,3785,54,548,457,0,492,275,1386,0,573,0,0,0
94,VAL DE MARNE,43,Le Kremlin-Bicêtre,9775,6727,6562,126,795,1159,0,656,582,2141,0,1103,0,0,0
94,VAL DE MARNE,58,Le Perreux-sur-Marne,18224,12003,11652,132,608,1340,0,1003,605,6327,0,1637,0,0,0
94,VAL DE MARNE,59,Le Plessis-Trévise,8195,5590,5415,97,390,698,0,755,456,1888,0,1131,0,0,0
94,VAL DE MARNE,38,L'Hay-les-Roses,17226,11673,11304,203,978,2915,0,1314,810,3382,0,1702,0,0,0
94,VAL DE MARNE,44,Limeil-Brévannes,8065,5860,5655,98,832,904,0,639,447,1809,0,926,0,0,0
94,VAL DE MARNE,46,Maisons-Alfort,32300,21889,21180,390,1520,3367,0,1925,1263,9001,0,3714,0,0,0
94,VAL DE MARNE,52,Nogent-sur-Marne,16468,11065,10787,116,421,1303,0,1118,704,5534,0,1591,0,0,0
94,VAL DE MARNE,54,Orly,10650,6706,6456,177,1490,986,0,500,917,1260,0,1126,0,0,0
94,VAL DE MARNE,55,Ormesson-sur-Marne,6001,4183,4061,54,224,577,0,408,257,1777,0,764,0,0,0
94,VAL DE MARNE,67,Saint-Mandé,12065,8421,8271,79,243,1081,0,810,474,4385,0,1199,0,0,0
94,VAL DE MARNE,68,Saint-Maur-des-Fossés,46089,31361,30546,287,1336,3741,0,3183,2008,15409,0,4582,0,0,0
94,VAL DE MARNE,69,Saint-Maurice,5764,3887,3770,40,182,516,0,331,234,2001,0,466,0,0,0
94,VAL DE MARNE,71,Sucy-en-Brie,15514,10739,10443,143,609,1531,0,1279,776,4416,0,1689,0,0,0
94,VAL DE MARNE,73,Thiais,14032,9354,9094,143,1072,1456,0,950,611,3508,0,1354,0,0,0
94,VAL DE MARNE,74,Valenton,5291,3356,3256,54,1328,334,0,229,179,574,0,558,0,0,0
94,VAL DE MARNE,76,Villejuif,24492,15280,14754,349,4873,1893,0,1415,1152,3055,0,2017,0,0,0
94,VAL DE MARNE,77,Villeneuve-le-Roi,10391,7022,6796,127,2162,695,0,594,406,1621,0,1191,0,0,0
94,VAL DE MARNE,78,Villeneuve-Saint-Georges,13446,9048,8712,168,1700,1731,0,772,524,2179,0,1638,0,0,0
94,VAL DE MARNE,79,Villiers-sur-Marne,13136,8522,8283,155,774,1623,0,1015,596,2610,0,1510,0,0,0
94,VAL DE MARNE,80,Vincennes,27161,18201,17657,207,854,2620,0,1958,1229,8024,0,2765,0,0,0
94,VAL DE MARNE,81,Vitry-sur-Seine,40464,25555,24786,531,8052,3079,0,2240,1850,4826,0,4208,0,0,0
95,VAL D'OISE,18,Argenteuil,48468,28409,27446,658,6027,3314,0,2393,2444,5474,961,6175,0,0,0
95,VAL D'OISE,19,Arnouville-lès-Gonesse,7726,5059,4900,82,404,683,0,443,370,1457,312,1149,0,0,0
95,VAL D'OISE,63,Bezons,13244,7840,7571,154,2114,820,0,666,651,1289,251,1626,0,0,0
95,VAL D'OISE,127,Cergy,18798,11504,11207,233,614,2255,0,1511,1107,2850,640,1997,0,0,0
95,VAL D'OISE,176,Cormeilles-en-Parisis,10452,7215,7028,76,829,852,0,835,634,2205,358,1239,0,0,0
95,VAL D'OISE,197,Deuil-la-Barre,12358,7833,7624,92,403,853,0,732,603,3018,456,1467,0,0,0
95,VAL D'OISE,199,Domont,8335,5900,5718,83,387,910,0,577,564,1577,371,1249,0,0,0
95,VAL D'OISE,203,Eaubonne,15329,10289,9979,124,519,1394,0,1010,868,3914,562,1588,0,0,0
95,VAL D'OISE,210,Enghien-les-Bains,6622,4726,4645,46,114,488,0,397,254,2085,396,865,0,0,0
95,VAL D'OISE,218,Eragny,8119,5433,5254,79,643,874,0,645,649,1195,247,922,0,0,0
95,VAL D'OISE,219,Ermont,16632,10805,10512,216,682,1521,0,1268,1027,3083,675,2040,0,0,0
95,VAL D'OISE,229,Ezanville,5483,3702,3594,56,240,503,0,440,384,1045,175,751,0,0,0
95,VAL D'OISE,250,Fosses,5829,3911,3765,64,634,500,0,433,400,730,138,866,0,0,0
95,VAL D'OISE,252,Franconville,20345,12761,12375,190,732,1719,0,1213,1508,4293,537,2183,0,0,0
95,VAL D'OISE,268,Garges-lès-Gonesse,14057,8434,8175,179,1757,1286,0,579,557,2122,245,1450,0,0,0
95,VAL D'OISE,277,Gonesse,11272,7187,6969,147,607,1080,0,636,684,1893,308,1614,0,0,0
95,VAL D'OISE,280,Goussainville,11757,7466,7235,137,1248,965,0,567,681,1553,250,1834,0,0,0
95,VAL D'OISE,306,Herblay,12947,8956,8712,158,663,1142,0,1079,940,2694,515,1521,0,0,0
95,VAL D'OISE,323,Jouy-le-Moutier,6926,4649,4513,130,240,788,0,666,504,1102,217,866,0,0,0
95,VAL D'OISE,313,L'Isle-Adam,6795,4546,4422,62,204,495,0,422,396,1747,319,777,0,0,0
95,VAL D'OISE,424,Montigny-lès-Cormeilles,8556,5466,5338,51,1565,410,0,436,441,1246,249,940,0,0,0
95,VAL D'OISE,427,Montmagny,5252,3653,3533,78,324,500,0,388,353,894,170,826,0,0,0
95,VAL D'OISE,428,Montmorency,13117,8474,8289,97,274,1008,0,905,778,3030,816,1381,0,0,0
95,VAL D'OISE,476,Osny,7083,4930,4760,97,258,689,0,595,499,1307,311,1004,0,0,0
95,VAL D'OISE,487,Persan,4880,3071,2917,79,966,269,0,255,288,397,74,589,0,0,0
95,VAL D'OISE,500,Pontoise,14014,9224,8952,167,499,1307,0,1062,844,2833,521,1719,0,0,0
95,VAL D'OISE,539,Saint-Brice-sous-Forêt,5984,3937,3811,63,334,578,0,423,433,1093,196,691,0,0,0
95,VAL D'OISE,555,Saint-Gratien,12611,7988,7767,129,607,1147,0,888,706,2449,352,1489,0,0,0
95,VAL D'OISE,563,Saint-Leu-la-Forêt,9225,6351,6160,82,309,935,0,811,714,1870,401,1038,0,0,0
95,VAL D'OISE,572,Saint-Ouen-l'Aumône,9466,5924,5713,123,412,1126,0,507,590,1343,241,1371,0,0,0
95,VAL D'OISE,582,Sannois,13411,9115,8853,166,677,1276,0,998,880,2698,416,1742,0,0,0
95,VAL D'OISE,585,Sarcelles,26019,15478,14982,265,1790,2881,0,1280,884,4894,354,2634,0,0,0
95,VAL D'OISE,598,Soisy-sous-Montmorency,9871,6247,6096,79,291,849,0,676,593,1972,388,1248,0,0,0
95,VAL D'OISE,607,Taverny,15190,9488,9239,135,484,1422,0,1181,990,2711,558,1758,0,0,0
95,VAL D'OISE,637,Vauréal,4148,2956,2872,47,101,600,0,389,326,706,145,558,0,0,0
95,VAL D'OISE,680,Villiers-le-Bel,11332,6855,6643,119,573,1642,0,566,545,1344,293,1561,0,0,0
