Numéro de département,Département,Numéro de commune,Nom de commune,Inscrits,Votants,Exprimés,Extrême gauche,Parti communiste,Gauche Plurielle,Parti socialiste,Divers gauche,Verts,Droite unie,Divers droite,Divers,Front national,Extrême droite,Régionalistes
1,AIN,4,Ambérieu-en-Bugey,6951,3452,3328,147,0,1264,0,39,0,878,131,52,743,0,74
1,AIN,33,Bellegarde-sur-Valserine,6002,3129,3014,138,0,1012,0,27,0,1141,66,41,535,0,54
1,AIN,53,Bourg-en-Bresse,22318,10632,10284,356,0,4182,0,154,0,3365,210,200,1640,0,177
1,AIN,283,Oyonnax,10978,5152,4964,217,0,1366,0,27,0,1662,97,82,1404,0,109
2,AISNE,168,Château-Thierry,8664,4896,4687,291,0,1580,0,0,459,1427,100,0,830,0,0
2,AISNE,173,Chauny,8074,4676,4442,366,0,1565,0,0,374,1232,121,0,784,0,0
2,AISNE,381,Hirson,7198,4180,3959,203,0,2035,0,0,289,843,53,0,536,0,0
2,AISNE,408,Laon,16139,8599,8273,604,0,3090,0,0,794,2674,151,0,960,0,0
2,AISNE,691,Saint-Quentin,36911,21942,21040,1301,0,6442,0,0,1245,8567,327,0,3158,0,0
2,AISNE,722,Soissons,16430,8704,8450,471,0,2927,0,0,610,2734,137,0,1571,0,0
2,AISNE,738,Tergnier,10411,6205,5887,383,0,3131,0,0,435,919,194,0,825,0,0
3,ALLIER,95,Cusset,9402,5610,5228,0,0,2189,0,0,413,1523,108,220,775,0,0
3,ALLIER,185,Montluçon,28693,16381,15659,0,0,8725,0,0,795,4048,199,537,1355,0,0
3,ALLIER,190,Moulins,14677,8505,8169,0,0,2859,0,0,384,3851,135,172,768,0,0
3,ALLIER,310,Vichy,17758,9681,9159,0,0,2411,0,0,640,3787,139,379,1803,0,0
3,ALLIER,321,Yzeure,9599,5962,5601,0,0,2753,0,0,333,1821,103,174,417,0,0
4,ALPES DE HAUTE PROVENCE,70,Digne-les-Bains,11147,6557,6278,0,0,2872,0,0,467,1912,70,0,957,0,0
4,ALPES DE HAUTE PROVENCE,112,Manosque,13435,7854,7434,0,0,2663,0,0,442,2255,163,0,1911,0,0
5,HAUTES ALPES,23,Briançon,6671,3943,3756,0,0,1067,0,748,0,1441,0,0,463,0,37
5,HAUTES ALPES,61,Gap,24518,14360,13464,0,0,5226,0,1132,0,5050,0,0,1871,0,185
6,ALPES MARITIMES,4,Antibes,46710,25544,24792,431,0,5449,0,148,945,9026,435,1264,6952,0,142
6,ALPES MARITIMES,12,Beausoleil,8472,3707,3591,95,0,941,0,20,120,1087,63,159,1073,0,33
6,ALPES MARITIMES,27,Cagnes-sur-Mer,27293,15198,14745,266,0,3538,0,110,554,4545,247,1071,4242,0,172
6,ALPES MARITIMES,29,Cannes,46785,26298,25461,499,0,5461,0,204,796,8219,247,1357,8483,0,195
6,ALPES MARITIMES,30,Le Cannet,24966,15140,14773,218,0,3568,0,120,438,5484,148,634,4036,0,127
6,ALPES MARITIMES,33,Carros,6259,3917,3791,105,0,1715,0,28,95,548,88,153,1037,0,22
6,ALPES MARITIMES,69,Grasse,24437,14469,13898,344,0,4113,0,105,605,3557,301,1085,3700,0,88
6,ALPES MARITIMES,79,Mandelieu-la-Napoule,12279,7325,7039,130,0,1391,0,44,270,2332,119,389,2294,0,70
6,ALPES MARITIMES,83,Menton,19617,11000,10403,216,0,2469,0,59,310,3787,160,448,2795,0,159
6,ALPES MARITIMES,85,Mougins,10359,5603,5440,72,0,1206,0,38,224,1915,78,275,1569,0,63
6,ALPES MARITIMES,88,Nice,230250,115683,111559,2240,0,31178,0,622,3191,31533,1457,7401,32807,0,1130
6,ALPES MARITIMES,104,Roquebrune-Cap-Martin,8663,4437,4291,71,0,961,0,32,133,1586,59,193,1236,0,20
6,ALPES MARITIMES,123,Saint-Laurent-du-Var,17579,10206,9815,223,0,2173,0,115,384,2979,182,681,2984,0,94
6,ALPES MARITIMES,149,La Trinité,6749,3827,3663,71,0,1555,0,30,122,558,82,166,1079,0,0
6,ALPES MARITIMES,152,Valbonne,5418,3001,2951,77,0,1258,0,28,133,639,54,150,597,0,15
6,ALPES MARITIMES,155,Vallauris,15432,9075,8698,226,0,2122,0,71,374,2368,181,487,2815,0,54
6,ALPES MARITIMES,157,Vence,10359,6091,5930,115,0,1583,0,30,253,1707,177,651,1383,0,31
6,ALPES MARITIMES,161,Villeneuve-Loubet,8319,4494,4413,72,0,986,0,48,167,1566,60,327,1152,0,35
7,ARDECHE,10,Annonay,11390,6212,5895,0,0,2464,0,0,503,1449,191,474,814,0,0
7,ARDECHE,19,Aubenas,7331,4240,4096,0,0,1243,0,0,262,1287,421,219,664,0,0
7,ARDECHE,102,Guilherand-Granges,7793,4229,4115,0,0,1520,0,0,374,1306,141,146,628,0,0
7,ARDECHE,186,Privas,5981,3390,3242,0,0,1064,0,0,306,905,261,285,421,0,0
7,ARDECHE,324,Tournon-sur-Rhône,6501,3749,3626,0,0,1263,0,0,281,982,101,465,534,0,0
8,ARDENNES,105,Charleville-Mézières,30533,15289,14866,607,0,5747,0,0,919,4244,295,0,3054,0,0
8,ARDENNES,363,Revin,5119,2858,2765,133,0,1262,0,0,185,508,125,0,552,0,0
8,ARDENNES,409,Sedan,11204,5912,5699,314,0,2209,0,0,307,1589,144,0,1136,0,0
9,ARIEGE,122,Foix,6133,3659,3478,157,0,1682,0,0,327,1022,0,0,290,0,0
9,ARIEGE,225,Pamiers,9061,5742,5394,213,0,2121,0,0,293,2188,0,0,579,0,0
10,AUBE,81,La Chapelle-Saint-Luc,7242,3999,3829,231,0,851,0,759,0,674,71,291,952,0,0
10,AUBE,323,Romilly-sur-Seine,8898,4991,4788,265,0,1781,0,560,0,819,186,304,873,0,0
10,AUBE,333,Saint-André-les-Vergers,7751,4254,4096,202,0,1478,0,46,0,955,95,569,751,0,0
10,AUBE,362,Sainte-Savine,7093,3897,3762,195,0,1225,0,112,0,653,87,758,732,0,0
10,AUBE,387,Troyes,31824,16526,15950,770,0,4862,0,318,0,3782,328,2737,3153,0,0
11,AUDE,69,Carcassonne,28098,17300,16328,0,0,6051,0,288,1185,5576,371,0,2857,0,0
11,AUDE,76,Castelnaudary,7050,4727,4475,0,0,1542,0,93,266,1702,181,0,691,0,0
11,AUDE,206,Limoux,6810,4142,3853,0,0,1630,0,217,234,1083,148,0,541,0,0
11,AUDE,262,Narbonne,32502,19858,18858,0,0,5741,0,420,1200,8167,737,0,2593,0,0
12,AVEYRON,145,Millau,16153,9871,8987,0,0,3782,0,0,0,3157,0,894,1154,0,0
12,AVEYRON,176,Onet-le-Château,6781,4382,4123,0,0,1563,0,0,0,1596,0,616,348,0,0
12,AVEYRON,202,Rodez,14965,9431,8910,0,0,2983,0,0,0,3828,0,1411,688,0,0
12,AVEYRON,300,Villefranche-de-Rouergue,8799,5727,5376,0,0,2443,0,0,0,1473,0,999,461,0,0
13,BOUCHES DU RHONE,1,Aix-en-Provence,74383,42590,41431,1140,0,12421,0,2244,2798,11837,558,830,9603,0,0
13,BOUCHES DU RHONE,2,Allauch,14560,8702,8363,254,0,2494,0,1260,468,1445,55,258,2129,0,0
13,BOUCHES DU RHONE,4,Arles,33543,19921,19103,617,0,8916,0,497,744,3219,184,201,4725,0,0
13,BOUCHES DU RHONE,5,Aubagne,27380,15842,15319,461,0,5997,0,719,981,3146,159,194,3662,0,0
13,BOUCHES DU RHONE,14,Berre-l'Etang,7499,4838,4509,106,0,922,0,1517,200,278,89,15,1382,0,0
13,BOUCHES DU RHONE,15,Bouc-Bel-Air,8607,5645,5450,113,0,1468,0,426,292,1447,37,295,1372,0,0
13,BOUCHES DU RHONE,26,Châteauneuf-les-Martigues,7977,5452,5231,179,0,2299,0,323,366,638,67,51,1308,0,0
13,BOUCHES DU RHONE,27,Châteaurenard,8077,4820,4632,112,0,1185,0,129,289,1336,52,76,1453,0,0
13,BOUCHES DU RHONE,28,La Ciotat,23623,13822,13303,400,0,3554,0,1272,837,3174,167,144,3755,0,0
13,BOUCHES DU RHONE,39,Fos-sur-Mer,9494,5716,5484,246,0,2512,0,317,321,696,69,84,1239,0,0
13,BOUCHES DU RHONE,41,Gardanne,12574,6409,6165,227,0,2457,0,469,315,698,93,229,1677,0,0
13,BOUCHES DU RHONE,47,Istres,25451,16185,15469,751,0,6411,0,709,1184,2559,281,189,3385,0,0
13,BOUCHES DU RHONE,54,Marignane,20286,12791,12234,396,0,2598,0,595,761,1774,310,127,5673,0,0
13,BOUCHES DU RHONE,55,Marseille,420766,218695,213006,6341,0,60591,0,21169,9907,52728,2677,1632,57961,0,0
13,BOUCHES DU RHONE,56,Martigues,29574,17231,16558,770,0,6801,0,1019,1235,2619,287,169,3658,0,0
13,BOUCHES DU RHONE,63,Miramas,14513,8480,8136,294,0,2822,0,371,601,1056,171,193,2628,0,0
13,BOUCHES DU RHONE,71,Les Pennes-Mirabeau,15186,8515,8231,315,0,2453,0,1134,437,1166,85,218,2423,0,0
13,BOUCHES DU RHONE,75,Plan-de-Cuques,7569,4610,4387,121,0,1025,0,473,247,1083,32,190,1216,0,0
13,BOUCHES DU RHONE,77,Port-de-Bouc,10589,5643,5484,214,0,3193,0,205,271,432,105,26,1038,0,0
13,BOUCHES DU RHONE,81,Rognac,7884,4685,4496,182,0,1168,0,607,327,620,64,35,1493,0,0
13,BOUCHES DU RHONE,97,Saint-Martin-de-Crau,7612,4679,4507,189,0,2023,0,201,195,768,35,95,1001,0,0
13,BOUCHES DU RHONE,100,Saint-Rémy-de-Provence,7172,4493,4228,114,0,1365,0,247,241,1266,42,72,881,0,0
13,BOUCHES DU RHONE,103,Salon-de-Provence,21917,13591,13000,372,0,3188,0,644,794,3550,140,256,4056,0,0
13,BOUCHES DU RHONE,106,Septèmes-les-Vallons,7085,4346,4170,149,0,1702,0,448,226,449,46,50,1100,0,0
13,BOUCHES DU RHONE,108,Tarascon,8464,5464,5242,185,0,1583,0,203,268,1322,81,162,1438,0,0
13,BOUCHES DU RHONE,117,Vitrolles,20393,12909,12520,395,0,3762,0,787,736,1577,230,110,4923,0,0
14,CALVADOS,47,Bayeux,10172,5344,5146,0,0,2098,0,0,503,1647,315,188,395,0,0
14,CALVADOS,118,Caen,65440,32833,31816,0,0,10677,0,0,3869,11597,1600,1346,2727,0,0
14,CALVADOS,327,Hérouville-Saint-Clair,12578,6652,6309,0,0,2911,0,0,1024,1090,445,189,650,0,0
14,CALVADOS,366,Lisieux,15259,8308,7740,0,0,2274,0,0,1099,2417,533,447,970,0,0
14,CALVADOS,437,Mondeville,7070,3717,3582,0,0,1695,0,0,358,763,303,130,333,0,0
14,CALVADOS,762,Vire,9404,5705,5401,0,0,1288,0,0,323,2620,217,579,374,0,0
15,CANTAL,14,Aurillac,19685,12209,11415,0,0,0,4987,2173,0,3150,441,0,664,0,0
16,CHARENTE,15,Angoulême,25699,13717,13085,692,0,4880,0,554,0,5035,355,0,1569,0,0
16,CHARENTE,102,Cognac,12520,5865,5622,348,0,1794,0,406,0,2209,261,0,604,0,0
16,CHARENTE,374,Soyaux,6253,3330,3193,162,0,1315,0,156,0,959,130,0,471,0,0
17,CHARENTE MARITIME,299,Rochefort,15959,8048,7700,0,0,3142,0,0,0,2675,384,494,1005,0,0
17,CHARENTE MARITIME,300,La Rochelle,44276,23199,22472,0,0,11736,0,0,0,6578,698,1021,2439,0,0
17,CHARENTE MARITIME,306,Royan,13637,7324,7037,0,0,2218,0,0,0,2896,316,545,1062,0,0
17,CHARENTE MARITIME,415,Saintes,19184,10226,9797,0,0,5112,0,0,0,2889,359,430,1007,0,0
18,CHER,33,Bourges,47793,24819,23806,1050,0,11037,0,0,0,8554,0,0,3165,0,0
18,CHER,197,Saint-Amand-Montrond,8517,5088,4776,360,0,1846,0,0,0,1947,0,0,623,0,0
18,CHER,205,Saint-Doulchard,6346,3488,3326,191,0,1373,0,0,0,1253,0,0,509,0,0
18,CHER,279,Vierzon,19999,11142,10692,761,0,5423,0,0,0,2725,0,0,1783,0,0
19,CORREZE,31,Brive-la-Gaillarde,33690,19806,18783,0,0,7915,0,0,435,6400,1887,0,2146,0,0
19,CORREZE,272,Tulle,10827,6683,6417,0,0,3344,0,0,125,2114,478,0,356,0,0
19,CORREZE,275,Ussel,7206,4922,4669,0,0,1588,0,0,138,2015,595,0,333,0,0
21,COTE D'OR,54,Beaune,13257,6587,6327,294,0,1405,0,391,264,2578,0,138,1257,0,0
21,COTE D'OR,166,Chenôve,9524,4564,4409,216,0,1757,0,301,177,837,0,55,1066,0,0
21,COTE D'OR,171,Chevigny-Saint-Sauveur,6436,3286,3188,150,0,975,0,163,180,632,0,428,660,0,0
21,COTE D'OR,231,Dijon,76131,40290,39211,1486,0,12524,0,1836,1540,14910,0,681,6234,0,0
21,COTE D'OR,515,Quetigny,5224,2970,2915,165,0,1412,0,165,160,536,0,50,427,0,0
21,COTE D'OR,617,Talant,8277,4384,4245,191,0,1319,0,181,222,1596,0,79,657,0,0
22,COTES D'ARMOR,50,Dinan,7697,4748,4501,163,0,1604,0,0,253,1556,86,229,467,0,143
22,COTES D'ARMOR,93,Lamballe,7681,4464,4248,168,0,1594,0,0,166,1515,209,130,296,0,170
22,COTES D'ARMOR,113,Lannion,12697,6761,6556,338,0,2891,0,0,232,1958,154,216,424,0,343
22,COTES D'ARMOR,136,Loudéac,7240,4728,4521,305,0,1461,0,0,192,1620,340,141,273,0,189
22,COTES D'ARMOR,187,Plérin,8416,5498,5273,294,0,2002,0,0,265,1551,190,180,458,0,333
22,COTES D'ARMOR,215,Ploufragan,7978,4581,4414,255,0,2040,0,0,172,1208,113,136,310,0,180
22,COTES D'ARMOR,278,Saint-Brieuc,32443,17527,17004,889,0,7046,0,0,739,5150,319,700,1529,0,632
23,CREUSE,96,Guéret,9497,5733,5459,347,0,2455,0,0,0,1617,707,0,333,0,0
24,DORDOGNE,37,Bergerac,19457,11765,11098,0,0,3617,0,792,0,3280,639,627,2143,0,0
24,DORDOGNE,322,Périgueux,19193,11604,11042,0,0,4129,0,729,0,3987,406,572,1219,0,0
24,DORDOGNE,520,Sarlat-la-Canéda,7038,4795,4544,0,0,1681,0,248,0,1977,199,142,297,0,0
25,DOUBS,31,Audincourt,8335,4632,4456,233,0,2028,0,107,66,754,62,136,1036,0,34
25,DOUBS,56,Besançon,62201,36659,35442,3200,0,10034,0,3300,840,8945,636,1458,6540,0,489
25,DOUBS,388,Montbéliard,16697,9072,8702,611,0,2907,0,333,129,2482,130,321,1721,0,68
25,DOUBS,462,Pontarlier,11519,6613,6078,437,0,1591,0,468,137,1823,218,279,1016,0,109
25,DOUBS,580,Valentigney,7631,3999,3848,241,0,1514,0,87,53,584,78,495,771,0,25
26,DROME,57,Bourg-de-Péage,6575,3757,3508,120,0,1252,0,0,139,418,131,418,987,43,0
26,DROME,58,Bourg-lès-Valence,12552,7382,6835,388,0,2648,0,0,407,1798,138,198,1169,89,0
26,DROME,198,Montélimar,19513,11778,10829,450,0,3348,0,0,500,3676,234,328,2192,101,0
26,DROME,235,Pierrelatte,7430,4558,4245,150,0,1019,0,0,142,1320,105,127,1353,29,0
26,DROME,281,Romans-sur-Isère,19077,10015,9267,417,0,3317,0,0,356,1454,253,666,2726,78,0
26,DROME,362,Valence,37906,20983,19292,705,0,7446,0,0,717,6108,229,487,3462,138,0
27,EURE,56,Bernay,7380,4077,3844,262,0,901,0,0,494,1296,171,168,552,0,0
27,EURE,229,Evreux,25694,13881,13307,457,0,4327,0,0,1557,3382,376,421,2787,0,0
27,EURE,284,Gisors,6636,3749,3601,74,0,1621,0,0,269,719,98,161,659,0,0
27,EURE,375,Louviers,10607,5540,5258,336,0,1524,0,0,481,1026,135,797,959,0,0
27,EURE,681,Vernon,13303,7343,7116,199,0,1944,0,0,782,2063,136,277,1715,0,0
27,EURE,701,Val-de-Reuil,5546,2616,2504,135,0,923,0,0,373,375,66,58,574,0,0
28,EURE ET LOIR,85,Chartres,21806,12356,12028,504,0,4682,0,626,0,3335,348,754,1779,0,0
28,EURE ET LOIR,88,Châteaudun,9125,5649,5370,288,0,1478,0,233,0,1840,245,292,994,0,0
28,EURE ET LOIR,134,Dreux,15561,7074,6907,312,0,1935,0,389,0,1585,219,274,2193,0,0
28,EURE ET LOIR,218,Lucé,11726,5495,5335,320,0,1960,0,209,0,935,250,265,1396,0,0
28,EURE ET LOIR,229,Mainvilliers,6200,3407,3268,194,0,1250,0,175,0,684,134,155,676,0,0
28,EURE ET LOIR,280,Nogent-le-Rotrou,8435,4917,4686,254,0,1667,0,224,0,1290,261,204,786,0,0
28,EURE ET LOIR,404,Vernouillet,6214,3201,3092,151,0,902,0,153,0,512,124,146,1104,0,0
29,FINISTERE,19,Brest,88923,46523,45495,4658,0,16901,0,0,2719,13363,0,2273,4418,0,1163
29,FINISTERE,39,Concarneau,14790,8006,7670,1282,0,2045,0,0,729,2320,0,343,717,0,234
29,FINISTERE,46,Douarnenez,12839,6779,6570,869,0,1803,0,0,491,2455,0,223,475,0,254
29,FINISTERE,75,Guipavas,9034,5120,4990,435,0,1729,0,0,353,1723,0,284,347,0,119
29,FINISTERE,103,Landerneau,10030,5642,5524,993,0,1777,0,0,421,1744,0,228,291,0,70
29,FINISTERE,151,Morlaix,10632,5655,5535,594,0,2373,0,0,371,1499,0,186,367,0,145
29,FINISTERE,189,Plougastel-Daoulas,9089,5809,5122,485,0,1364,0,0,409,1661,0,640,379,0,184
29,FINISTERE,212,Plouzané,8262,4998,4873,417,0,2019,0,0,336,1360,0,212,386,0,143
29,FINISTERE,232,Quimper,41104,23234,22541,2735,0,7041,0,0,2180,7093,0,1206,1733,0,553
29,FINISTERE,233,Quimperlé,7893,4078,3942,585,0,1387,0,0,312,1094,0,194,266,0,104
29,FINISTERE,235,Le Relecq-Kerhuon,7698,4521,4437,454,0,1727,0,0,282,1208,0,255,406,0,105
30,GARD,7,Alès,26579,14945,14291,0,2991,0,2791,208,527,4340,295,743,2396,0,0
30,GARD,28,Bagnols-sur-Cèze,12051,6391,6110,0,529,0,1688,63,206,1631,184,295,1514,0,0
30,GARD,32,Beaucaire,8386,5069,4860,0,666,0,834,48,142,1462,125,160,1423,0,0
30,GARD,189,Nîmes,79395,43162,41574,0,8061,0,7632,577,1771,11136,595,1495,10307,0,0
30,GARD,202,Pont-Saint-Esprit,6679,4346,4160,0,301,0,927,63,181,893,458,288,1049,0,0
30,GARD,258,Saint-Gilles,7615,4131,3959,0,358,0,648,38,101,719,125,146,1824,0,0
30,GARD,341,Vauvert,6919,4560,4320,0,331,0,1397,38,216,855,216,136,1131,0,0
30,GARD,351,Villeneuve-lès-Avignon,8368,4885,4703,0,369,0,1115,53,303,1592,66,191,1014,0,0
31,HAUTE GARONNE,44,Balma,8781,5482,5315,300,0,1954,0,0,0,2083,220,111,647,0,0
31,HAUTE GARONNE,69,Blagnac,12477,7464,7183,840,0,2748,0,0,0,2225,371,207,792,0,0
31,HAUTE GARONNE,149,Colomiers,18589,11430,11083,1426,0,4381,0,0,0,3148,667,254,1207,0,0
31,HAUTE GARONNE,157,Cugnaux,8608,5401,5161,503,0,1836,0,0,0,1805,214,143,660,0,0
31,HAUTE GARONNE,395,Muret,12720,7705,7326,747,0,2317,0,0,0,2590,440,201,1031,0,0
31,HAUTE GARONNE,424,Plaisance-du-Touch,8435,4977,4806,485,0,1898,0,0,0,1387,295,146,595,0,0
31,HAUTE GARONNE,446,Ramonville-Saint-Agne,8438,4967,4850,384,0,2164,0,0,0,1601,133,105,463,0,0
31,HAUTE GARONNE,483,Saint-Gaudens,8808,5141,4818,413,0,1498,0,0,0,1996,242,174,495,0,0
31,HAUTE GARONNE,506,Saint-Orens-de-Gameville,7087,5012,4846,429,0,1759,0,0,0,1815,237,96,510,0,0
31,HAUTE GARONNE,555,Toulouse,210790,109557,105915,9922,0,35880,0,0,0,42053,3106,1973,12981,0,0
31,HAUTE GARONNE,557,Tournefeuille,13373,8373,8018,762,0,2964,0,0,0,2676,386,185,1045,0,0
31,HAUTE GARONNE,561,L'Union,9557,5734,5557,392,0,2110,0,0,0,1930,276,89,760,0,0
32,GERS,13,Auch,15254,9279,8912,0,0,3968,0,304,374,3214,317,0,735,0,0
33,GIRONDE,3,Ambarès-et-Lagrave,7075,4025,3825,249,288,0,1294,0,269,688,432,62,505,0,38
33,GIRONDE,9,Arcachon,10399,5745,5553,128,145,0,1100,0,333,2567,368,116,775,0,21
33,GIRONDE,39,Bègles,14728,8204,7912,294,1793,0,1106,0,2511,984,498,64,619,0,43
33,GIRONDE,56,Blanquefort,8679,4699,4520,216,330,0,1292,0,392,1194,469,105,494,0,28
33,GIRONDE,63,Bordeaux,113573,59334,57591,1959,3081,0,14750,0,5378,21080,2801,1542,6686,0,314
33,GIRONDE,69,Le Bouscat,14590,8077,7848,260,433,0,1983,0,568,3006,462,169,923,0,44
33,GIRONDE,75,Bruges,6810,3730,3609,170,227,0,955,0,301,1118,325,88,403,0,22
33,GIRONDE,119,Cenon,11415,6567,6290,464,684,0,1909,0,527,1021,623,89,916,0,57
33,GIRONDE,122,Cestas,12247,7275,7051,265,420,0,3098,0,533,1471,517,123,594,0,30
33,GIRONDE,162,Eysines,11767,6376,6159,271,320,0,1903,0,485,1775,539,132,706,0,28
33,GIRONDE,167,Floirac,10277,5080,4833,324,674,0,1359,0,460,816,431,73,637,0,59
33,GIRONDE,192,Gradignan,14295,8093,7866,281,477,0,2615,0,769,2324,477,167,722,0,34
33,GIRONDE,199,Gujan-Mestras,10532,5752,5544,159,222,0,1508,0,329,1869,570,103,748,0,36
33,GIRONDE,243,Libourne,14840,8486,8031,410,345,0,2043,0,816,2271,803,168,1080,0,95
33,GIRONDE,249,Lormont,10206,5452,5241,335,450,0,1870,0,313,818,376,83,922,0,74
33,GIRONDE,281,Mérignac,37905,20881,20120,958,1158,0,6727,0,1743,5412,1409,424,2182,0,107
33,GIRONDE,318,Pessac,34301,19282,18705,622,1015,0,9030,0,1019,4152,863,228,1689,0,87
33,GIRONDE,449,Saint-Médard-en-Jalles,16962,9953,9570,412,472,0,3130,0,839,2523,1007,221,921,0,45
33,GIRONDE,522,Talence,19169,10711,10389,366,533,0,2882,0,1524,3234,528,191,1077,0,54
33,GIRONDE,529,La Teste-de-Buch,15692,8977,8694,232,328,0,2037,0,469,3602,877,140,964,0,45
33,GIRONDE,550,Villenave-d'Ornon,17240,9848,9524,406,912,0,2794,0,1307,2156,645,156,1101,0,47
34,HERAULT,3,Agde,15102,9289,8984,247,1231,0,1926,155,250,2354,380,0,2345,96,0
34,HERAULT,32,Béziers,47848,26151,25134,506,2479,0,6245,347,766,7804,780,0,6005,202,0
34,HERAULT,57,Castelnau-le-Lez,10068,6273,6096,136,333,0,1650,254,260,2163,161,0,983,156,0
34,HERAULT,108,Frontignan,12877,7152,6861,232,970,0,1853,134,274,1309,496,0,1521,72,0
34,HERAULT,129,Lattes,8976,5965,5753,119,388,0,1366,178,297,2037,205,0,1084,79,0
34,HERAULT,145,Lunel,13074,8324,7982,237,508,0,2224,122,352,1964,400,0,2088,87,0
34,HERAULT,154,Mauguio,10607,6674,6449,160,405,0,2024,180,313,1795,336,0,1140,96,0
34,HERAULT,172,Montpellier,112522,65462,63749,1625,4661,0,21902,1961,3716,18314,865,0,9758,947,0
34,HERAULT,301,Sète,30886,17735,16853,509,3314,0,3500,265,738,4353,601,0,3446,127,0
35,ILLE ET VILAINE,47,Bruz,7951,4838,4624,405,0,1630,0,0,217,1225,198,375,302,0,272
35,ILLE ET VILAINE,51,Cesson-Sévigné,10822,6365,6127,334,0,2267,0,0,250,1874,198,558,365,0,281
35,ILLE ET VILAINE,93,Dinard,7706,4218,4071,238,0,1163,0,0,127,1417,224,155,548,0,199
35,ILLE ET VILAINE,115,Fougères,16254,8296,7779,615,0,2640,0,0,236,3127,254,132,491,0,284
35,ILLE ET VILAINE,236,Redon,6394,3176,3064,172,0,1261,0,0,79,916,91,86,255,0,204
35,ILLE ET VILAINE,238,Rennes,113160,56846,55170,4136,0,24476,0,0,1623,13702,1455,3041,4416,0,2321
35,ILLE ET VILAINE,288,Saint-Malo,37652,19439,18491,1621,0,5253,0,0,660,5935,909,809,1983,0,1321
35,ILLE ET VILAINE,360,Vitré,11205,5337,5018,475,0,1312,0,0,137,2015,279,223,321,0,256
36,INDRE,44,Châteauroux,33375,17751,16653,0,0,7920,0,0,0,4331,0,1880,2522,0,0
36,INDRE,88,Issoudun,9889,5881,5503,0,0,2954,0,0,0,1209,0,660,680,0,0
37,INDRE ET LOIRE,3,Amboise,7534,4136,3961,221,0,1278,0,101,124,1438,48,222,529,0,0
37,INDRE ET LOIRE,50,Chambray-lès-Tours,6312,3415,3280,158,0,1117,0,74,137,1260,36,121,377,0,0
37,INDRE ET LOIRE,122,Joué-lès-Tours,24395,12473,11931,583,0,4547,0,603,356,3597,163,319,1763,0,0
37,INDRE ET LOIRE,208,Saint-Avertin,10158,5792,5624,199,0,2043,0,140,208,2178,68,175,613,0,0
37,INDRE ET LOIRE,214,Saint-Cyr-sur-Loire,11550,6585,6392,204,0,2053,0,192,225,2795,83,181,659,0,0
37,INDRE ET LOIRE,233,Saint-Pierre-des-Corps,10438,5459,5266,349,0,2842,0,228,173,779,78,129,688,0,0
37,INDRE ET LOIRE,261,Tours,75551,39052,37893,1450,0,14272,0,1477,1164,13801,407,696,4626,0,0
38,ISERE,53,Bourgoin-Jallieu,13048,6453,6221,264,0,2092,0,0,332,1360,0,599,1574,0,0
38,ISERE,151,Echirolles,18951,9575,9282,553,0,4422,0,0,753,1240,0,509,1805,0,0
38,ISERE,158,Eybens,5684,2969,2881,150,0,1312,0,0,282,527,0,176,434,0,0
38,ISERE,169,Fontaine,13170,6225,6070,465,0,2850,0,0,591,772,0,353,1039,0,0
38,ISERE,185,Grenoble,78790,38877,37800,1631,0,14234,0,0,4151,9247,0,2693,5844,0,0
38,ISERE,229,Meylan,13016,7416,7264,201,0,2491,0,0,809,2484,0,580,699,0,0
38,ISERE,317,Le Pont-de-Claix,5643,2917,2844,195,0,1096,0,0,204,497,0,141,711,0,0
38,ISERE,382,Saint-Egrève,10541,5937,5779,292,0,2236,0,0,737,1406,0,357,751,0,0
38,ISERE,421,Saint-Martin-d'Hères,14452,7731,7535,563,0,3371,0,0,934,1084,0,419,1164,0,0
38,ISERE,474,Sassenage,6326,3708,3593,188,0,1321,0,0,398,914,0,286,486,0,0
38,ISERE,485,Seyssinet-Pariset,8034,3946,3845,185,0,1637,0,0,372,771,0,260,620,0,0
38,ISERE,544,Vienne,18197,9739,9428,413,0,3133,0,0,735,2620,0,505,2022,0,0
38,ISERE,553,Villefontaine,8163,3833,3730,226,0,1444,0,0,434,650,0,194,782,0,0
38,ISERE,563,Voiron,11863,6523,6255,338,0,2045,0,0,610,1814,0,480,968,0,0
39,JURA,97,Champagnole,5901,3428,3236,112,0,948,0,0,420,946,0,344,414,0,52
39,JURA,198,Dole,15541,9297,8846,361,0,3177,0,0,569,2517,0,500,1603,0,119
39,JURA,300,Lons-le-Saunier,12262,6680,6396,197,0,2151,0,0,547,2175,0,518,724,0,84
39,JURA,478,Saint-Claude,6538,3465,3366,80,0,1237,0,0,185,624,0,637,570,0,33
40,LANDES,46,Biscarrosse,7681,4223,4057,76,145,0,1039,0,240,1432,573,0,552,0,0
40,LANDES,88,Dax,13908,7337,7071,114,376,0,2182,0,321,2969,404,0,705,0,0
40,LANDES,192,Mont-de-Marsan,19543,11512,10956,192,736,0,3872,0,734,3512,802,0,1108,0,0
40,LANDES,279,Saint-Paul lès Dax,7359,4514,4333,100,355,0,1773,0,267,1104,345,0,389,0,0
40,LANDES,312,Tarnos,7743,4476,4352,89,1450,0,905,0,301,922,343,0,342,0,0
41,LOIR ET CHER,18,Blois,29428,16003,15420,833,0,6777,0,0,0,4313,0,467,3030,0,0
41,LOIR ET CHER,194,Romorantin-Lanthenay,12064,7458,7068,342,0,3573,0,0,0,1858,0,247,1048,0,0
41,LOIR ET CHER,269,Vendôme,11797,6873,6490,382,0,2853,0,0,0,2178,0,299,778,0,0
42,LOIRE,5,Andrézieux-Bouthéon,4827,2351,2251,71,0,528,0,91,81,582,0,176,722,0,0
42,LOIRE,44,Le Chambon-Feugerolles,9104,5002,4836,171,0,1281,0,83,145,1355,0,176,1625,0,0
42,LOIRE,95,Firminy,13743,7130,6895,329,0,2625,0,123,238,1518,0,202,1860,0,0
42,LOIRE,147,Montbrison,9073,5038,4726,256,0,1162,0,121,301,1520,0,438,928,0,0
42,LOIRE,183,La Ricamarie,5849,3055,2982,101,0,1199,0,63,74,472,0,91,982,0,0
42,LOIRE,184,Riorges,7625,4227,4040,166,0,1625,0,87,187,1019,0,327,629,0,0
42,LOIRE,186,Rive-de-Gier,7836,4317,4094,188,0,1356,0,136,172,619,0,741,882,0,0
42,LOIRE,187,Roanne,24519,12472,11899,642,0,4154,0,363,604,3034,0,1085,2017,0,0
42,LOIRE,189,Roche-la-Molière,6406,3509,3420,121,0,1329,0,52,94,770,0,114,940,0,0
42,LOIRE,207,Saint-Chamond,23385,12573,12155,505,0,3183,0,383,524,4026,0,567,2967,0,0
42,LOIRE,218,Saint-Etienne,109667,54189,52885,1833,0,18317,0,1157,1784,14191,0,2218,13385,0,0
42,LOIRE,279,Saint-Just-Saint-Rambert,8835,4714,4531,146,0,1113,0,101,166,1279,0,297,1429,0,0
43,HAUTE LOIRE,157,Le Puy-en-Velay,12135,6904,6586,0,0,2701,0,0,385,2690,0,0,810,0,0
44,LOIRE ATLANTIQUE,20,Bouguenais,10783,5779,5590,326,0,2525,0,0,419,967,365,323,543,0,122
44,LOIRE ATLANTIQUE,26,Carquefou,9891,5797,5625,149,0,1496,0,0,217,407,182,2729,336,0,109
44,LOIRE ATLANTIQUE,35,La Chapelle-sur-Erdre,11991,6700,6531,234,0,2588,0,0,361,917,261,1504,486,0,180
44,LOIRE ATLANTIQUE,36,Châteaubriant,9023,5371,5136,175,0,1494,0,0,178,2161,210,383,452,0,83
44,LOIRE ATLANTIQUE,47,Couëron,11953,7082,6807,419,0,3064,0,0,389,1060,619,487,565,0,204
44,LOIRE ATLANTIQUE,55,La Baule-Escoublac,13146,7205,6929,162,0,1801,0,0,226,2775,348,449,975,0,193
44,LOIRE ATLANTIQUE,69,Guérande,9366,5179,4992,178,0,1382,0,0,273,1697,620,247,433,0,162
44,LOIRE ATLANTIQUE,109,Nantes,170195,83342,81074,2955,0,30506,0,0,4005,22458,2604,7744,8586,0,2216
44,LOIRE ATLANTIQUE,114,Orvault,18225,10186,9889,364,0,3709,0,0,505,2593,368,1180,853,0,317
44,LOIRE ATLANTIQUE,131,Pornic,8839,5393,5080,184,0,1238,0,0,255,1918,551,281,537,0,116
44,LOIRE ATLANTIQUE,143,Rezé,24688,12887,12449,620,0,5810,0,0,696,2681,649,666,1049,0,278
44,LOIRE ATLANTIQUE,162,Saint-Herblain,29502,15679,15067,731,0,6020,0,0,957,2970,566,1675,1722,0,426
44,LOIRE ATLANTIQUE,172,Sainte-Luce-sur-Loire,8022,4970,4778,171,0,1805,0,0,240,751,228,1162,299,0,122
44,LOIRE ATLANTIQUE,184,Saint-Nazaire,45905,21281,20485,1207,0,9591,0,0,952,3879,1257,1157,1806,0,636
44,LOIRE ATLANTIQUE,190,Saint-Sébastien-sur-Loire,18218,9706,9391,384,0,3946,0,0,427,2515,482,695,736,0,206
44,LOIRE ATLANTIQUE,215,Vertou,14434,8753,8429,316,0,2816,0,0,488,2846,590,639,532,0,202
45,LOIRET,4,Amilly,7990,4456,4292,176,0,1383,0,0,235,1361,0,124,1013,0,0
45,LOIRET,68,Châlette-sur-Loing,7311,4212,4053,255,0,1685,0,0,299,663,0,98,1053,0,0
45,LOIRET,147,Fleury-les-Aubrais,13512,7107,6843,364,0,2909,0,0,548,1861,0,191,970,0,0
45,LOIRET,155,Gien,8789,4726,4536,203,0,1408,0,0,275,1344,0,117,1189,0,0
45,LOIRET,208,Montargis,9106,4979,4734,195,0,1659,0,0,293,1448,0,158,981,0,0
45,LOIRET,232,Olivet,12591,7219,6996,239,0,2250,0,0,620,2936,0,223,728,0,0
45,LOIRET,234,Orléans,60438,31796,30732,1266,0,10978,0,0,2176,11212,0,858,4242,0,0
45,LOIRET,252,Pithiviers,5144,2935,2783,127,0,850,0,0,162,943,0,119,582,0,0
45,LOIRET,284,Saint-Jean-de-Braye,11680,6104,5867,279,0,2270,0,0,475,1788,0,176,879,0,0
45,LOIRET,285,Saint-Jean-de-la-Ruelle,9863,5100,4927,269,0,1764,0,0,385,1490,0,157,862,0,0
45,LOIRET,302,Saran,9277,4931,4721,267,0,1853,0,0,357,1283,0,177,784,0,0
46,LOT,42,Cahors,12779,7884,7514,232,0,3422,0,165,426,1899,204,654,512,0,0
46,LOT,102,Figeac,6698,4460,4283,102,0,2434,0,24,217,453,83,801,169,0,0
47,LOT ET GARONNE,1,Agen,18422,10511,9884,0,0,2766,0,625,618,2416,651,820,1861,0,127
47,LOT ET GARONNE,157,Marmande,13321,7633,7103,0,0,2398,0,218,353,1857,703,491,993,0,90
47,LOT ET GARONNE,310,Tonneins,6642,4662,4270,0,0,1325,0,176,233,796,557,294,784,0,105
47,LOT ET GARONNE,323,Villeneuve-sur-Lot,16032,9392,8616,0,0,1903,0,245,605,2317,1042,665,1575,0,264
48,LOZERE,95,Mende,7282,5134,4970,0,267,0,1170,32,121,2182,0,892,306,0,0
49,MAINE ET LOIRE,7,Angers,82055,44066,42160,1536,0,0,11950,5182,2006,16873,525,0,4088,0,0
49,MAINE ET LOIRE,15,Avrillé,9159,5147,4920,175,0,0,1030,770,254,2159,91,0,441,0,0
49,MAINE ET LOIRE,99,Cholet,35911,18733,17833,800,0,0,2582,3583,706,8320,183,0,1659,0,0
49,MAINE ET LOIRE,246,Les Ponts-de-Cé,8262,4980,4694,265,0,0,1025,709,239,1862,131,0,463,0,0
49,MAINE ET LOIRE,267,Saint-Barthélemy-d'Anjou,7188,3869,3692,178,0,0,1142,555,192,1234,67,0,324,0,0
49,MAINE ET LOIRE,328,Saumur,19585,10373,9852,417,0,0,708,2788,334,4278,303,0,1024,0,0
49,MAINE ET LOIRE,353,Trélazé,6432,3911,3680,235,0,0,823,1149,244,783,64,0,382,0,0
50,MANCHE,129,Cherbourg-Octeville,15063,7694,7453,349,0,3135,0,0,407,1351,283,986,942,0,0
50,MANCHE,147,Coutances,6425,3612,3441,192,0,870,0,0,464,1182,312,123,298,0,0
50,MANCHE,173,Equeurdreville-Hainneville,12427,6513,6227,420,0,2996,0,0,474,830,370,495,642,0,0
50,MANCHE,218,Granville,9609,4671,4461,196,0,1360,0,0,325,1562,287,157,574,0,0
50,MANCHE,383,OCTEVILLE,9731,5227,5001,320,0,2217,0,0,348,775,330,361,650,0,0
50,MANCHE,502,Saint-Lô,13489,7252,6983,306,0,2319,0,0,648,2210,367,301,832,0,0
50,MANCHE,602,Tourlaville,11587,5937,5718,370,0,2546,0,0,395,793,489,442,683,0,0
51,MARNE,108,Châlons-en-Champagne,28569,13583,13130,626,0,4245,0,0,766,4148,244,734,2367,0,0
51,MARNE,230,Epernay,16527,7323,7001,395,0,2370,0,0,384,2161,139,293,1259,0,0
51,MARNE,454,Reims,99362,47630,46159,2641,0,15212,0,0,2035,15226,614,2364,8067,0,0
51,MARNE,573,Tinqueux,7204,3908,3792,191,0,1209,0,0,201,927,76,645,543,0,0
51,MARNE,649,Vitry-le-François,9203,5013,4855,238,0,1763,0,0,190,1233,82,133,1216,0,0
52,HAUTE MARNE,121,Chaumont,17770,9050,8546,581,0,3217,0,0,0,1936,249,1338,1225,0,0
52,HAUTE MARNE,269,Langres,5653,3156,2981,185,0,962,0,0,0,863,58,360,553,0,0
52,HAUTE MARNE,448,Saint-Dizier,19172,9022,8624,554,0,2383,0,0,0,2679,151,392,2465,0,0
53,MAYENNE,62,Château-Gontier,8011,4137,3816,0,0,1105,0,0,206,2158,0,0,265,82,0
53,MAYENNE,130,Laval,32834,18445,17097,0,0,6931,0,0,837,7600,0,0,1406,323,0
53,MAYENNE,147,Mayenne,9203,5566,5171,0,0,2632,0,0,190,1896,0,0,329,124,0
54,MEURTHE ET MOSELLE,159,Dombasle-sur-Meurthe,6402,3587,3390,383,0,1182,0,0,209,415,201,556,444,0,0
54,MEURTHE ET MOSELLE,274,Jarville-la-Malgrange,5658,2979,2870,251,0,811,0,0,213,627,204,309,455,0,0
54,MEURTHE ET MOSELLE,304,Laxou,8934,4493,4332,293,0,1168,0,0,326,1362,298,313,572,0,0
54,MEURTHE ET MOSELLE,323,Longwy,8417,3527,3429,281,0,1260,0,0,277,695,158,189,569,0,0
54,MEURTHE ET MOSELLE,329,Lunéville,13082,6169,5974,515,0,1391,0,0,346,825,317,1412,1168,0,0
54,MEURTHE ET MOSELLE,395,Nancy,52985,26125,25327,1498,0,6668,0,0,1960,8456,1487,2180,3078,0,0
54,MEURTHE ET MOSELLE,431,Pont-à-Mousson,9103,4816,4617,335,0,1081,0,0,360,1134,269,419,1019,0,0
54,MEURTHE ET MOSELLE,482,Saint-Max,7229,3849,3751,201,0,898,0,0,242,1507,223,208,472,0,0
54,MEURTHE ET MOSELLE,528,Toul,9767,4791,4562,346,0,990,0,0,306,1002,326,698,894,0,0
54,MEURTHE ET MOSELLE,547,Vandoeuvre-lès-Nancy,15584,8605,8338,580,0,2592,0,0,603,2077,533,521,1432,0,0
54,MEURTHE ET MOSELLE,578,Villers-lès-Nancy,11303,6638,6418,341,0,1812,0,0,506,2144,434,524,657,0,0
54,MEURTHE ET MOSELLE,580,Villerupt,6813,3364,3214,489,0,1502,0,0,264,372,137,155,295,0,0
55,MEUSE,29,Bar-le-Duc,11001,6483,6254,274,0,2120,0,0,583,2390,139,0,748,0,0
55,MEUSE,545,Verdun,12542,6189,5828,371,0,1577,0,0,491,2065,165,0,1159,0,0
56,MORBIHAN,7,Auray,7318,4131,4018,188,0,1544,0,0,146,1458,71,0,466,0,145
56,MORBIHAN,83,Hennebont,10116,5835,5631,272,0,2869,0,0,165,1513,75,0,461,0,276
56,MORBIHAN,98,Lanester,16244,9670,9329,554,0,5126,0,0,302,1739,131,0,1050,0,427
56,MORBIHAN,121,Lorient,41796,21757,21041,810,0,10468,0,0,553,5616,275,0,2492,0,827
56,MORBIHAN,162,Ploemeur,13756,8397,8027,300,0,3378,0,0,284,2559,144,0,967,0,395
56,MORBIHAN,178,Pontivy,9340,5597,5322,215,0,2422,0,0,210,1763,80,0,414,0,218
56,MORBIHAN,260,Vannes,30745,17292,16884,592,0,6215,0,0,631,6675,289,0,1855,0,627
57,MOSELLE,58,Behren-lès-Forbach,4772,1762,1659,124,0,333,0,221,123,464,25,0,369,0,0
57,MOSELLE,160,Creutzwald,7957,4007,3857,157,0,917,0,253,210,1443,35,0,842,0,0
57,MOSELLE,206,Fameck,7919,4252,4137,229,0,1263,0,338,213,1269,66,0,759,0,0
57,MOSELLE,221,Florange,6931,3653,3537,172,0,1131,0,266,185,977,35,0,771,0,0
57,MOSELLE,227,Forbach,13593,5728,5406,237,0,705,0,516,323,2594,48,0,983,0,0
57,MOSELLE,240,Freyming-Merlebach,10525,5253,4969,202,0,1025,0,193,320,2240,39,0,950,0,0
57,MOSELLE,306,Hayange,10306,4869,4720,188,0,2242,0,121,162,1019,61,0,927,0,0
57,MOSELLE,332,Hombourg-Haut,5918,2945,2783,132,0,439,0,205,205,963,28,0,811,0,0
57,MOSELLE,447,Marly,7879,4183,4049,106,0,831,0,195,238,1973,56,0,650,0,0
57,MOSELLE,463,Metz,72593,32833,31887,946,0,5725,0,1908,2079,16103,308,0,4818,0,0
57,MOSELLE,480,Montigny-lès-Metz,16779,8580,8026,312,0,1497,0,504,565,3771,101,0,1276,0,0
57,MOSELLE,491,Moyeuvre-Grande,5970,2840,2735,182,0,987,0,189,123,687,29,0,538,0,0
57,MOSELLE,591,Rombas,6798,3659,3511,214,0,868,0,278,220,1368,43,0,520,0,0
57,MOSELLE,606,Saint-Avold,11895,5336,5099,227,0,876,0,390,410,2111,57,0,1028,0,0
57,MOSELLE,630,Sarrebourg,8390,4705,4403,184,0,434,0,194,420,2107,94,0,970,0,0
57,MOSELLE,631,Sarreguemines,15931,7056,6581,295,0,782,0,369,487,3229,81,0,1338,0,0
57,MOSELLE,660,Stiring-Wendel,8352,4166,3919,198,0,732,0,382,301,1394,40,0,872,0,0
57,MOSELLE,672,Thionville,27379,12384,11970,420,0,2682,0,777,797,5303,191,0,1800,0,0
57,MOSELLE,683,Uckange,4078,2021,1957,96,0,587,0,104,69,466,20,0,615,0,0
57,MOSELLE,751,Woippy,7312,3402,3287,173,0,741,0,266,166,1159,34,0,748,0,0
57,MOSELLE,757,Yutz,10515,5467,5137,220,0,1115,0,344,378,2279,67,0,734,0,0
58,NIEVRE,86,Cosne-Cours-sur-Loire,8542,4471,4280,192,0,1619,0,0,278,1375,137,0,679,0,0
58,NIEVRE,194,Nevers,26544,13934,13303,749,0,5762,0,0,1195,3512,399,0,1686,0,0
58,NIEVRE,303,Varennes-Vauzelles,7795,4566,4386,200,0,2616,0,0,350,756,109,0,355,0,0
59,NORD,8,Aniche,6664,3637,3415,295,0,1357,0,36,391,674,111,0,551,0,0
59,NORD,9,Villeneuve-d'Ascq,35619,20551,19876,966,0,6872,0,111,4036,4863,606,0,2422,0,0
59,NORD,14,Anzin,8917,4812,4673,247,0,1665,0,25,316,1363,93,0,964,0,0
59,NORD,17,Armentières,17161,10437,9947,629,0,3731,0,114,1147,2210,329,0,1787,0,0
59,NORD,33,Aulnoye-Aymeries,6648,3748,3616,215,0,1630,0,20,375,782,71,0,523,0,0
59,NORD,43,Bailleul,9911,5904,5618,321,0,1658,0,37,828,1721,289,0,764,0,0
59,NORD,90,Bondues,7731,4556,4458,56,0,441,0,9,566,2699,97,0,590,0,0
59,NORD,112,Bruay-sur-l'Escaut,7644,4217,4079,249,0,1317,0,55,343,1150,65,0,900,0,0
59,NORD,122,Cambrai,22594,12883,12296,534,0,3235,0,112,1206,4832,462,0,1915,0,0
59,NORD,139,Caudry,9609,5514,5116,351,0,1863,0,42,607,1261,152,0,840,0,0
59,NORD,152,Comines,8102,4251,4097,195,0,1262,0,30,499,1189,110,0,812,0,0
59,NORD,153,Condé-sur-l'Escaut,6277,3678,3568,138,0,854,0,44,271,1350,61,0,850,0,0
59,NORD,155,Coudekerque-Branche,16315,10660,10115,579,0,4371,0,56,1089,1636,362,0,2022,0,0
59,NORD,163,Croix,13651,7113,6892,251,0,1573,0,43,892,2642,169,0,1322,0,0
59,NORD,172,Denain,11175,6104,5876,346,0,2304,0,84,491,1290,118,0,1243,0,0
59,NORD,178,Douai,26183,14019,13524,597,0,3893,0,146,1550,4737,425,0,2176,0,0
59,NORD,179,Douchy-les-Mines,6945,3583,3483,219,0,1446,0,33,323,671,75,0,716,0,0
59,NORD,183,Dunkerque,51064,28754,27688,1104,0,10612,0,80,3006,7026,772,0,5088,0,0
59,NORD,205,Escaudain,5634,3097,3010,235,0,1328,0,32,252,572,83,0,508,0,0
59,NORD,220,Faches-Thumesnil,12019,6857,6664,267,0,2159,0,29,907,2064,160,0,1078,0,0
59,NORD,249,Fourmies,9342,4794,4409,456,0,1582,0,56,579,1011,122,0,603,0,0
59,NORD,271,Grande-Synthe,14615,8462,7992,588,0,2796,0,157,984,764,240,0,2463,0,0
59,NORD,273,Gravelines,8232,5846,5421,411,0,1917,0,66,788,875,229,0,1135,0,0
59,NORD,279,Halluin,12017,6898,6477,292,0,1859,0,46,907,1796,194,0,1383,0,0
59,NORD,286,Haubourdin,9285,4939,4708,292,0,1543,0,36,616,1214,159,0,848,0,0
59,NORD,291,Hautmont,9341,4497,4352,239,0,1285,0,67,356,1118,122,0,1165,0,0
59,NORD,295,Hazebrouck,15233,9438,8910,567,0,2570,0,80,1527,2735,274,0,1157,0,0
59,NORD,299,Hem,12086,7181,6891,304,0,1666,0,86,1107,2194,237,0,1297,0,0
59,NORD,324,Jeumont,6601,3413,3325,134,0,990,0,20,254,1239,60,0,628,0,0
59,NORD,328,Lambersart,20130,11406,11102,384,0,2227,0,30,1709,4883,342,0,1527,0,0
59,NORD,339,Leers,7271,4193,4020,174,0,914,0,26,640,1167,199,0,900,0,0
59,NORD,350,Lille,96799,46991,45509,1939,0,13080,0,277,8772,12747,1343,0,7351,0,0
59,NORD,355,LOMME,18843,9762,9413,526,0,3808,0,75,1213,1802,299,0,1690,0,0
59,NORD,360,Loos,11765,6659,6418,363,0,2239,0,51,809,1289,182,0,1485,0,0
59,NORD,367,Lys-lez-Lannoy,8988,4763,4503,245,0,1129,0,44,752,1152,173,0,1008,0,0
59,NORD,368,La Madeleine,14407,7134,6912,305,0,1550,0,34,992,2637,211,0,1183,0,0
59,NORD,378,Marcq-en-Baroeul,25025,14152,13828,341,0,2546,0,42,1830,6632,394,0,2043,0,0
59,NORD,383,Marly,7592,4769,4548,165,0,1565,0,15,303,1810,100,0,590,0,0
59,NORD,386,Marquette-lez-Lille,6300,3466,3325,130,0,1105,0,15,422,890,126,0,637,0,0
59,NORD,392,Maubeuge,21173,11206,10858,476,0,2723,0,111,849,3053,211,0,3435,0,0
59,NORD,400,Merville,6742,3974,3706,272,0,1280,0,22,481,1013,120,0,518,0,0
59,NORD,410,Mons-en-Baroeul,12399,6860,6612,334,0,1861,0,59,1098,1593,241,0,1426,0,0
59,NORD,421,Mouvaux,9808,5867,5719,123,0,858,0,28,815,2864,154,0,877,0,0
59,NORD,426,Neuville-en-Ferrain,7981,4453,4291,115,0,953,0,14,531,1654,116,0,908,0,0
59,NORD,447,Onnaing,5974,3491,3392,153,0,1192,0,33,212,1222,66,0,514,0,0
59,NORD,491,Raismes,9844,5971,5752,361,0,2222,0,63,511,1506,141,0,948,0,0
59,NORD,507,Ronchin,12044,6235,6021,275,0,2115,0,22,1014,1354,172,0,1069,0,0
59,NORD,508,Roncq,9393,5530,5246,192,0,1275,0,25,763,2012,134,0,845,0,0
59,NORD,512,Roubaix,45593,20523,19630,1097,0,5815,0,512,2757,4362,550,0,4537,0,0
59,NORD,526,Saint-Amand-les-Eaux,11686,6826,6452,298,0,2283,0,41,572,1951,190,0,1117,0,0
59,NORD,527,Saint-André-lez-Lille,6471,3710,3604,149,0,957,0,18,514,1340,131,0,495,0,0
59,NORD,540,Saint-Pol-sur-Mer,15392,8870,8526,539,0,2702,0,14,821,1992,180,0,2278,0,0
59,NORD,544,Saint-Saulve,7564,4433,4323,136,0,870,0,17,321,2358,99,0,522,0,0
59,NORD,560,Seclin,8270,4819,4633,254,0,1701,0,18,593,1164,165,0,738,0,0
59,NORD,569,Sin-le-Noble,11381,5850,5572,324,0,2374,0,43,555,1199,181,0,896,0,0
59,NORD,574,Somain,8496,4991,4792,311,0,2347,0,33,562,874,127,0,538,0,0
59,NORD,599,Tourcoing,55995,27791,26683,1316,0,7000,0,295,3270,7052,832,0,6918,0,0
59,NORD,606,Valenciennes,23190,13582,13171,338,0,2315,0,36,769,7808,247,0,1658,0,0
59,NORD,616,Vieux-Condé,7405,4419,4260,206,0,1312,0,48,318,1544,85,0,747,0,0
59,NORD,646,Wasquehal,13042,7443,7230,266,0,1466,0,18,947,3211,188,0,1134,0,0
59,NORD,648,Wattignies,9479,5328,5127,246,0,1335,0,28,810,1576,188,0,944,0,0
59,NORD,650,Wattrelos,29945,15009,14304,869,0,4963,0,126,1888,2295,389,0,3774,0,0
60,OISE,57,Beauvais,32498,20567,19755,1027,0,6057,0,0,1810,4020,521,650,5670,0,0
60,OISE,141,Chantilly,7586,3735,3570,119,0,713,0,0,277,1534,100,79,748,0,0
60,OISE,159,Compiègne,23172,12688,12273,560,0,3095,0,0,1019,4411,521,296,2371,0,0
60,OISE,175,Creil,14943,7018,6788,443,0,2383,0,0,588,1004,169,93,2108,0,0
60,OISE,176,Crépy-en-Valois,9573,5678,5431,363,0,1685,0,0,596,1318,203,108,1158,0,0
60,OISE,282,Gouvieux,6352,3519,3437,113,0,688,0,0,340,1419,140,97,640,0,0
60,OISE,395,Méru,6797,3604,3481,171,0,1332,0,0,255,720,95,43,865,0,0
60,OISE,414,Montataire,6671,3442,3313,190,0,1514,0,0,220,326,138,26,899,0,0
60,OISE,463,Nogent-sur-Oise,10332,6192,5993,304,0,1714,0,0,548,1195,193,96,1943,0,0
60,OISE,471,Noyon,7593,4637,4491,215,0,927,0,0,297,1185,186,84,1597,0,0
60,OISE,509,Pont-Sainte-Maxence,6784,3876,3712,319,0,1046,0,0,467,715,221,62,882,0,0
60,OISE,612,Senlis,9999,5465,5267,236,0,1008,0,0,519,2103,229,224,948,0,0
61,ORNE,1,Alençon,17325,8995,8584,762,496,0,2148,0,587,2731,222,709,929,0,0
61,ORNE,6,Argentan,10896,6213,5876,308,468,0,1963,0,392,886,311,813,735,0,0
61,ORNE,169,Flers,10614,6104,5786,407,243,0,1567,0,521,1122,187,976,763,0,0
61,ORNE,214,L'Aigle,5693,3189,3051,139,102,0,693,0,182,885,121,439,490,0,0
62,PAS DE CALAIS,14,Aire-sur-la-Lys,7289,4915,4615,241,127,0,1582,0,293,1551,343,67,411,0,0
62,PAS DE CALAIS,40,Arques,6562,4455,4251,321,124,0,1802,0,201,917,403,56,427,0,0
62,PAS DE CALAIS,41,Arras,25953,16771,15822,894,847,0,4233,0,1645,5110,1016,318,1759,0,0
62,PAS DE CALAIS,48,Auchel,8548,5066,4791,317,1232,0,1232,0,293,807,335,74,501,0,0
62,PAS DE CALAIS,65,Avion,12225,7117,6785,677,2160,0,1138,0,616,506,461,121,1106,0,0
62,PAS DE CALAIS,108,Berck,10502,6033,5600,256,279,0,1895,0,343,1440,767,61,559,0,0
62,PAS DE CALAIS,119,Béthune,19908,10443,9915,576,808,0,2824,0,977,2521,848,247,1114,0,0
62,PAS DE CALAIS,160,Boulogne-sur-Mer,28885,13934,13409,991,1016,0,3435,0,1281,3803,869,261,1753,0,0
62,PAS DE CALAIS,178,Bruay-la-Buissière,18176,9885,9375,669,932,0,3755,0,817,1299,596,156,1151,0,0
62,PAS DE CALAIS,186,Bully-les-Mines,9060,5228,4938,438,612,0,1638,0,466,714,340,86,644,0,0
62,PAS DE CALAIS,193,Calais,49644,24285,22988,1644,4960,0,4110,0,2190,5005,1536,663,2880,0,0
62,PAS DE CALAIS,215,Carvin,11568,7223,6932,495,1813,0,1325,0,480,977,487,155,1200,0,0
62,PAS DE CALAIS,250,Courrières,8244,4671,4471,280,436,0,1534,0,424,566,260,79,892,0,0
62,PAS DE CALAIS,318,Etaples,8021,4335,4114,343,290,0,690,0,222,1468,660,43,398,0,0
62,PAS DE CALAIS,413,Harnes,9140,5161,4895,377,1087,0,913,0,430,614,320,82,1072,0,0
62,PAS DE CALAIS,427,Hénin-Beaumont,18514,10775,10280,661,1180,0,3083,0,923,1392,734,217,2090,0,0
62,PAS DE CALAIS,498,Lens,25300,14312,13542,1087,1108,0,4593,0,1198,1894,766,349,2547,0,0
62,PAS DE CALAIS,510,Liévin,22452,12956,12123,1190,1287,0,4297,0,1213,1282,847,197,1810,0,0
62,PAS DE CALAIS,516,Lillers,7052,4808,4516,240,912,0,1284,0,290,996,326,66,402,0,0
62,PAS DE CALAIS,525,Longuenesse,8476,5078,4854,341,185,0,1818,0,351,1153,350,96,560,0,0
62,PAS DE CALAIS,548,Marck,6852,3763,3575,249,418,0,926,0,330,741,362,91,458,0,0
62,PAS DE CALAIS,570,Méricourt,8382,4946,4715,358,1543,0,668,0,419,515,257,79,876,0,0
62,PAS DE CALAIS,587,Montigny-en-Gohelle,6997,4414,4228,267,671,0,1420,0,315,407,270,68,810,0,0
62,PAS DE CALAIS,617,Noeux-les-Mines,9102,5079,4827,427,728,0,1496,0,399,788,360,83,546,0,0
62,PAS DE CALAIS,637,Oignies,6424,3834,3692,235,369,0,1050,0,308,547,170,77,936,0,0
62,PAS DE CALAIS,643,Outreau,10288,5768,5517,399,662,0,1974,0,390,1041,366,78,607,0,0
62,PAS DE CALAIS,667,Le Portel,6984,4001,3823,276,473,0,806,0,233,1227,294,88,426,0,0
62,PAS DE CALAIS,724,Rouvroy,6147,4218,4053,330,1724,0,495,0,247,386,233,60,578,0,0
62,PAS DE CALAIS,758,Saint-Martin-Boulogne,8288,5106,4958,371,414,0,1388,0,437,1436,344,100,468,0,0
62,PAS DE CALAIS,765,Saint-Omer,10217,6098,5852,320,167,0,1686,0,339,2135,443,132,630,0,0
62,PAS DE CALAIS,771,Sallaumines,7127,3912,3760,330,1516,0,625,0,193,280,163,49,604,0,0
62,PAS DE CALAIS,907,Libercourt,5197,2974,2824,191,477,0,756,0,207,380,143,43,627,0,0
63,PUY DE DOME,14,Aubière,5937,3672,3536,195,0,1261,0,89,139,1522,47,0,283,0,0
63,PUY DE DOME,32,Beaumont,7680,4832,4640,242,0,1827,0,87,251,1878,61,0,294,0,0
63,PUY DE DOME,75,Chamalières,12431,7821,7559,242,0,1747,0,118,275,4581,97,0,499,0,0
63,PUY DE DOME,113,Clermont-Ferrand,70785,40259,38636,2577,0,15012,0,1004,1614,14163,513,0,3753,0,0
63,PUY DE DOME,124,Cournon-d'Auvergne,13173,8079,7723,390,0,3197,0,242,343,2774,83,0,694,0,0
63,PUY DE DOME,164,Gerzat,5636,3058,2933,246,0,1174,0,88,146,880,43,0,356,0,0
63,PUY DE DOME,178,Issoire,8697,5624,5267,381,0,1573,0,166,294,2279,111,0,463,0,0
63,PUY DE DOME,300,Riom,12012,6902,6612,437,0,2436,0,161,274,2538,123,0,643,0,0
63,PUY DE DOME,430,Thiers,9011,5240,4835,382,0,1673,0,226,233,1544,69,0,708,0,0
64,PYRENEES ATLANTIQUES,24,Anglet,26098,14288,13700,252,1846,0,3357,0,0,4928,954,0,1476,0,887
64,PYRENEES ATLANTIQUES,102,Bayonne,25106,12833,12381,265,1708,0,3053,0,0,4437,705,0,1280,0,933
64,PYRENEES ATLANTIQUES,122,Biarritz,22235,11261,10802,170,1064,0,2241,0,0,4719,506,0,1347,0,755
64,PYRENEES ATLANTIQUES,129,Billère,8625,4562,4402,98,486,0,1654,0,0,1352,225,0,545,0,42
64,PYRENEES ATLANTIQUES,260,Hendaye,7850,3995,3874,72,752,0,1080,0,0,929,293,0,353,0,395
64,PYRENEES ATLANTIQUES,348,Lons,7012,4081,3914,81,434,0,1495,0,0,1111,255,0,494,0,44
64,PYRENEES ATLANTIQUES,422,Oloron-Sainte-Marie,7423,5005,4746,68,994,0,1381,0,0,1483,446,0,311,0,63
64,PYRENEES ATLANTIQUES,430,Orthez,7943,4959,4671,56,447,0,2229,0,0,1232,362,0,278,0,67
64,PYRENEES ATLANTIQUES,445,Pau,52346,28657,27731,454,2568,0,12117,0,0,7927,971,0,3440,0,254
64,PYRENEES ATLANTIQUES,483,Saint-Jean-de-Luz,9932,5517,5311,106,549,0,984,0,0,2055,409,0,539,0,669
65,HAUTES PYRENEES,286,Lourdes,12784,7300,6991,289,0,1706,0,0,679,3549,0,0,768,0,0
65,HAUTES PYRENEES,440,Tarbes,30118,15217,14508,733,0,6482,0,0,848,4663,0,0,1782,0,0
66,PYRENEES ORIENTALES,136,Perpignan,63773,33436,32163,847,0,9992,0,0,1759,9294,1470,0,7739,0,1062
66,PYRENEES ORIENTALES,172,Saint-Estève,7799,4366,4186,126,0,1470,0,0,223,1077,280,0,938,0,72
67,BAS RHIN,43,Bischheim,9186,4075,3945,152,0,981,0,0,204,1000,285,165,967,0,191
67,BAS RHIN,46,Bischwiller,5492,2726,2606,94,0,396,0,0,113,697,209,91,732,0,274
67,BAS RHIN,180,Haguenau,19273,9981,9671,320,0,1324,0,0,429,3505,702,421,2239,0,731
67,BAS RHIN,204,Hoenheim,7462,3761,3650,111,0,867,0,0,144,1111,234,144,858,0,181
67,BAS RHIN,218,Illkirch-Graffenstaden,15751,8159,7965,217,0,2031,0,0,343,2082,466,389,2055,0,382
67,BAS RHIN,267,Lingolsheim,11451,5800,5564,180,0,1158,0,0,312,1637,414,298,1275,0,290
67,BAS RHIN,348,Obernai,7003,3654,3503,103,0,508,0,0,184,1208,255,170,822,0,253
67,BAS RHIN,365,Ostwald,7190,3711,3513,103,0,823,0,0,168,818,215,230,978,0,178
67,BAS RHIN,437,Saverne,6531,3790,3638,90,0,407,0,0,133,1850,203,120,666,0,169
67,BAS RHIN,447,Schiltigheim,17894,8209,7903,342,0,1949,0,0,490,1921,576,373,1802,0,450
67,BAS RHIN,462,Sélestat,11120,6613,6241,319,0,1262,0,0,468,1923,513,238,1137,0,381
67,BAS RHIN,482,Strasbourg,127751,63569,61862,2141,0,18330,0,0,3007,17498,3563,2592,11656,0,3075
68,HAUT RHIN,63,Cernay,6702,3379,3259,222,0,518,0,0,155,0,140,1159,947,0,118
68,HAUT RHIN,66,Colmar,39077,19528,18681,1294,0,4143,0,0,1211,0,1300,6426,3489,0,818
68,HAUT RHIN,112,Guebwiller,6951,4005,3707,350,0,728,0,0,296,0,332,1142,688,0,171
68,HAUT RHIN,154,Illzach,9705,4544,4385,434,0,711,0,0,235,0,216,1432,1117,0,240
68,HAUT RHIN,166,Kingersheim,7881,3672,3538,341,0,865,0,0,188,0,181,948,878,0,137
68,HAUT RHIN,224,Mulhouse,55906,27279,26432,2685,0,5177,0,0,1463,0,1468,7529,7282,0,828
68,HAUT RHIN,271,Riedisheim,8828,4818,4580,362,0,602,0,0,404,0,335,1892,781,0,204
68,HAUT RHIN,278,Rixheim,8586,4450,4179,355,0,613,0,0,369,0,299,1449,845,0,249
68,HAUT RHIN,297,Saint-Louis,10821,5141,4761,435,0,537,0,0,434,0,362,1818,885,0,290
68,HAUT RHIN,375,Wittelsheim,7327,3698,3568,390,0,748,0,0,206,0,189,806,1075,0,154
68,HAUT RHIN,376,Wittenheim,9581,4453,4291,456,0,957,0,0,240,0,259,1077,1120,0,182
69,RHONE,27,Brignais,6441,3430,3333,146,0,1017,0,10,172,1179,62,38,709,0,0
69,RHONE,29,Bron,20837,11186,10917,528,0,4206,0,77,353,2899,164,100,2590,0,0
69,RHONE,34,Caluire-et-Cuire,27044,14662,14346,591,0,4256,0,39,601,5627,310,258,2664,0,0
69,RHONE,81,Ecully,12285,6575,6451,177,0,1472,0,19,204,2994,133,132,1320,0,0
69,RHONE,89,Francheville,8224,4506,4408,194,0,1549,0,18,229,1638,94,56,630,0,0
69,RHONE,91,Givors,10676,5399,5094,437,0,2196,0,70,286,847,86,51,1121,0,0
69,RHONE,123,Lyon,235038,122732,119321,5898,0,36975,0,436,4960,43608,2611,1599,23234,0,0
69,RHONE,149,Oullins,15506,8617,8343,475,0,3059,0,49,503,2518,190,85,1464,0,0
69,RHONE,152,Pierre-Bénite,5370,2704,2623,251,0,1060,0,26,150,484,59,42,551,0,0
69,RHONE,199,Saint-Fons,7216,3597,3475,319,0,1276,0,28,203,508,78,60,1003,0,0
69,RHONE,202,Sainte-Foy-lès-Lyon,14044,8251,8096,310,0,2293,0,22,321,3509,161,165,1315,0,0
69,RHONE,204,Saint-Genis-Laval,12236,6745,6607,291,0,2030,0,18,321,2210,140,105,1492,0,0
69,RHONE,243,Tarare,6443,2969,2862,185,0,869,0,12,97,1016,48,84,551,0,0
69,RHONE,244,Tassin-la-Demi-Lune,10727,5834,5726,208,0,1404,0,12,214,2550,149,109,1080,0,0
69,RHONE,256,Vaulx-en-Velin,15996,7537,7306,688,0,3159,0,139,320,931,63,99,1907,0,0
69,RHONE,259,Vénissieux,28393,13405,13043,1172,0,6088,0,77,528,1740,102,106,3230,0,0
69,RHONE,264,Villefranche-sur-Saône,14922,7288,7103,383,0,2028,0,43,233,2236,69,95,2016,0,0
69,RHONE,266,Villeurbanne,64276,33424,32390,1934,0,12465,0,166,1921,7702,748,313,7141,0,0
69,RHONE,275,Décines-Charpieu,13928,6924,6697,466,0,2589,0,30,262,1399,167,50,1734,0,0
69,RHONE,277,Genas,7062,3737,3642,186,0,1060,0,10,202,1053,135,40,956,0,0
69,RHONE,282,Meyzieu,17670,9088,8796,545,0,3088,0,52,424,1946,127,113,2501,0,0
69,RHONE,283,Mions,6357,3182,3062,209,0,1030,0,3,138,688,57,25,912,0,0
69,RHONE,286,Rillieux-la-Pape,15851,7972,7725,458,0,2547,0,39,350,2052,118,94,2067,0,0
69,RHONE,290,Saint-Priest,22783,12305,11841,776,0,3932,0,91,606,2103,233,97,4003,0,0
70,HAUTE SAONE,285,Héricourt,6339,4004,3711,316,0,1410,0,104,191,713,0,0,896,0,81
70,HAUTE SAONE,550,Vesoul,10347,6520,6169,250,0,2243,0,78,281,2229,0,0,968,0,120
71,SAONE ET LOIRE,14,Autun,6775,4268,4021,265,0,1598,0,0,216,1138,227,0,577,0,0
71,SAONE ET LOIRE,76,Chalon-sur-Saône,30979,16157,15560,619,0,5770,0,0,498,5928,397,0,2348,0,0
71,SAONE ET LOIRE,153,Le Creusot,7885,4084,3914,163,0,1842,0,0,148,1144,158,0,459,0,0
71,SAONE ET LOIRE,176,Digoin,6367,3874,3729,280,0,1451,0,0,140,1144,312,0,402,0,0
71,SAONE ET LOIRE,230,Gueugnon,6558,3517,3340,197,0,1698,0,0,80,844,194,0,327,0,0
71,SAONE ET LOIRE,270,Mâcon,33867,16595,15612,689,0,6160,0,0,681,5286,537,0,2259,0,0
71,SAONE ET LOIRE,306,Montceau-les-Mines,13371,6351,6091,255,0,2616,0,0,212,1934,338,0,736,0,0
71,SAONE ET LOIRE,342,Paray-le-Monial,7164,4121,3907,182,0,1251,0,0,120,1859,240,0,255,0,0
71,SAONE ET LOIRE,486,Saint-Vallier,6809,3443,3306,185,0,1603,0,0,119,798,173,0,428,0,0
72,SARTHE,3,Allonnes,8073,4587,4444,305,0,1597,0,0,140,1788,123,0,491,0,0
72,SARTHE,132,La Ferté-Bernard,6544,3261,3101,200,0,920,0,0,85,1435,65,0,396,0,0
72,SARTHE,154,La Flèche,10688,6514,6140,256,0,2422,0,0,192,2625,101,0,544,0,0
72,SARTHE,181,Le Mans,98353,51536,49520,2502,0,19043,0,0,1609,20750,1136,0,4480,0,0
72,SARTHE,264,Sablé-sur-Sarthe,8849,5102,4882,225,0,929,0,0,149,3169,84,0,326,0,0
73,SAVOIE,8,Aix-les-Bains,17187,8734,8375,325,0,2140,0,0,398,3064,0,0,1778,355,315
73,SAVOIE,11,Albertville,10231,5297,5101,191,0,1677,0,0,270,1667,0,0,907,180,209
73,SAVOIE,65,Chambéry,29367,15187,14767,564,0,5541,0,0,610,4855,0,0,2551,396,250
73,SAVOIE,179,La Motte-Servolex,6855,3882,3782,97,0,1253,0,0,177,1463,0,0,628,79,85
73,SAVOIE,248,Saint-Jean-de-Maurienne,5184,2169,2092,96,0,765,0,0,68,720,0,0,326,52,65
74,HAUTE SAVOIE,10,Annecy,30040,13808,13274,417,0,3916,0,0,845,4452,0,1296,1878,0,470
74,HAUTE SAVOIE,11,Annecy-le-Vieux,12768,6413,6232,150,0,1574,0,0,433,2237,0,818,779,0,241
74,HAUTE SAVOIE,12,Annemasse,13809,6044,5891,153,0,2196,0,0,232,1225,0,855,1019,0,211
74,HAUTE SAVOIE,42,Bonneville,5284,2623,2525,72,0,762,0,0,116,707,0,260,435,0,173
74,HAUTE SAVOIE,56,Chamonix-Mont-Blanc,7487,2974,2899,49,0,545,0,0,243,1160,0,439,344,0,119
74,HAUTE SAVOIE,81,Cluses,8617,4478,4341,177,0,822,0,0,239,1232,0,399,1208,0,264
74,HAUTE SAVOIE,93,Cran-Gevrier,8988,4134,3997,183,0,1502,0,0,301,857,0,408,600,0,146
74,HAUTE SAVOIE,133,Gaillard,5026,2373,2322,45,0,420,0,0,76,280,0,1063,386,0,52
74,HAUTE SAVOIE,208,Passy,5997,3215,3042,115,0,902,0,0,250,621,0,364,494,0,296
74,HAUTE SAVOIE,225,Rumilly,5685,2871,2757,85,0,689,0,0,169,942,0,283,506,0,83
74,HAUTE SAVOIE,256,Sallanches,8390,3947,3822,87,0,898,0,0,213,868,0,856,580,0,320
74,HAUTE SAVOIE,268,Seynod,9108,4542,4401,129,0,1462,0,0,373,1129,0,530,638,0,140
74,HAUTE SAVOIE,281,Thonon-les-Bains,18158,9060,8559,293,0,2210,0,0,589,2616,0,1149,1341,0,361
76,SEINE MARITIME,57,Barentin,8448,4713,4484,593,0,1506,0,246,451,949,0,0,739,0,0
76,SEINE MARITIME,95,Bihorel,6678,4018,3909,192,0,1098,0,95,378,1575,0,0,571,0,0
76,SEINE MARITIME,108,Bois-Guillaume,8820,5243,5132,122,0,1213,0,103,360,2734,0,0,600,0,0
76,SEINE MARITIME,114,Bolbec,7993,4275,4105,410,0,1579,0,112,301,982,0,0,721,0,0
76,SEINE MARITIME,157,Canteleu,9061,5003,4726,451,0,1796,0,181,476,875,0,0,947,0,0
76,SEINE MARITIME,165,Caudebec-lès-Elbeuf,6074,3346,3180,249,0,973,0,153,283,740,0,0,782,0,0
76,SEINE MARITIME,212,Darnétal,5593,3170,3053,290,0,1022,0,144,313,708,0,0,576,0,0
76,SEINE MARITIME,216,Déville-lès-Rouen,6720,3782,3597,350,0,1345,0,118,312,877,0,0,595,0,0
76,SEINE MARITIME,217,Dieppe,23539,13510,12955,1219,0,4735,0,376,980,4054,0,0,1591,0,0
76,SEINE MARITIME,231,Elbeuf,8907,4496,4339,368,0,1686,0,135,315,853,0,0,982,0,0
76,SEINE MARITIME,259,Fécamp,14472,8159,7737,673,0,3002,0,274,684,2184,0,0,920,0,0
76,SEINE MARITIME,305,Gonfreville-l'Orcher,6550,4024,3881,345,0,2135,0,205,269,365,0,0,562,0,0
76,SEINE MARITIME,319,Grand-Couronne,6467,3822,3579,289,0,1623,0,171,283,649,0,0,564,0,0
76,SEINE MARITIME,322,Le Grand-Quevilly,19651,12816,12142,943,0,6361,0,366,986,1694,0,0,1792,0,0
76,SEINE MARITIME,341,Harfleur,5509,3525,3398,318,0,1356,0,153,281,724,0,0,566,0,0
76,SEINE MARITIME,351,Le Havre,121103,62453,60788,3493,0,21303,0,1880,4427,18012,0,0,11673,0,0
76,SEINE MARITIME,384,Lillebonne,6359,3509,3398,358,0,1220,0,168,275,912,0,0,465,0,0
76,SEINE MARITIME,410,Maromme,7837,4474,4267,462,0,1552,0,266,428,942,0,0,617,0,0
76,SEINE MARITIME,447,Montivilliers,12204,6610,6378,410,0,2680,0,181,478,1757,0,0,872,0,0
76,SEINE MARITIME,451,Mont-Saint-Aignan,13429,7795,7587,267,0,2018,0,152,722,3627,0,0,801,0,0
76,SEINE MARITIME,484,Oissel,7115,4084,3914,319,0,1804,0,176,447,629,0,0,539,0,0
76,SEINE MARITIME,498,Le Petit-Quevilly,11597,6411,6142,622,0,2579,0,218,571,960,0,0,1192,0,0
76,SEINE MARITIME,540,Rouen,56817,31442,30403,1840,0,8970,0,884,3019,11379,0,0,4311,0,0
76,SEINE MARITIME,575,Saint-Etienne-du-Rouvray,16282,8839,8480,801,0,3579,0,397,742,1421,0,0,1540,0,0
76,SEINE MARITIME,681,Sotteville-lès-Rouen,20177,11515,10998,977,0,4228,0,446,1287,2409,0,0,1651,0,0
76,SEINE MARITIME,758,Yvetot,7894,4629,4365,340,0,1492,0,126,308,1584,0,0,515,0,0
77,SEINE ET MARNE,14,Avon,8062,4476,4354,156,0,1330,0,0,207,1823,0,125,713,0,0
77,SEINE ET MARNE,53,Brie-Comte-Robert,7634,3782,3681,153,0,1296,0,0,193,1150,0,163,726,0,0
77,SEINE ET MARNE,83,Champs-sur-Marne,12191,6109,5938,351,0,2467,0,0,429,1479,0,268,944,0,0
77,SEINE ET MARNE,108,Chelles,24964,13558,13139,575,0,4841,0,0,652,3896,0,454,2721,0,0
77,SEINE ET MARNE,118,Claye-Souilly,6075,3259,3193,145,0,856,0,0,160,1343,0,83,606,0,0
77,SEINE ET MARNE,122,Combs-la-Ville,12118,6827,6503,367,0,2311,0,0,495,2015,0,262,1053,0,0
77,SEINE ET MARNE,131,Coulommiers,8009,3902,3806,216,0,1148,0,0,175,1342,0,121,804,0,0
77,SEINE ET MARNE,152,Dammarie-les-Lys,12007,5682,5564,267,0,2045,0,0,253,1768,0,163,1068,0,0
77,SEINE ET MARNE,186,Fontainebleau,10226,5158,5037,164,0,1177,0,0,224,2523,0,138,811,0,0
77,SEINE ET MARNE,243,Lagny-sur-Marne,11433,5447,5253,213,0,1594,0,0,364,1866,0,310,906,0,0
77,SEINE ET MARNE,258,Lognes,5881,2422,2376,109,0,1243,0,0,122,539,0,119,244,0,0
77,SEINE ET MARNE,284,Meaux,22489,12060,11571,563,0,3681,0,0,583,4312,0,375,2057,0,0
77,SEINE ET MARNE,285,Le Mée-sur-Seine,10729,5828,5660,342,0,1879,0,0,434,1497,0,254,1254,0,0
77,SEINE ET MARNE,288,Melun,18182,8639,8420,348,0,2568,0,0,451,2830,0,278,1945,0,0
77,SEINE ET MARNE,294,Mitry-Mory,9767,5238,5096,269,0,2249,0,0,240,1081,0,131,1126,0,0
77,SEINE ET MARNE,296,Moissy-Cramayel,6863,3381,3256,227,0,1235,0,0,233,702,0,169,690,0,0
77,SEINE ET MARNE,305,Montereau-Fault-Yonne,7692,4875,4642,354,0,1331,0,0,272,1610,0,217,858,0,0
77,SEINE ET MARNE,333,Nemours,6014,3523,3385,183,0,888,0,0,179,1282,0,111,742,0,0
77,SEINE ET MARNE,337,Noisiel,7784,3367,3288,166,0,1536,0,0,171,774,0,150,491,0,0
77,SEINE ET MARNE,350,Ozoir-la-Ferrière,10956,5634,5438,227,0,1734,0,0,341,1807,0,313,1016,0,0
77,SEINE ET MARNE,373,Pontault-Combault,16088,8488,8154,428,0,2989,0,0,546,2305,0,466,1420,0,0
77,SEINE ET MARNE,379,Provins,5934,3258,3116,193,0,855,0,0,160,1082,0,130,696,0,0
77,SEINE ET MARNE,390,Roissy-en-Brie,10661,5589,5336,335,0,2015,0,0,382,1322,0,294,988,0,0
77,SEINE ET MARNE,407,Saint-Fargeau-Ponthierry,7211,3454,3359,159,0,1058,0,0,175,1199,0,110,658,0,0
77,SEINE ET MARNE,445,Savigny-le-Temple,11043,5171,5029,327,0,2287,0,0,303,985,0,172,955,0,0
77,SEINE ET MARNE,468,Torcy,10293,4786,4647,272,0,1964,0,0,340,995,0,281,795,0,0
77,SEINE ET MARNE,479,Vaires-sur-Marne,7979,4404,4299,175,0,1550,0,0,232,1322,0,158,862,0,0
77,SEINE ET MARNE,514,Villeparisis,11680,5413,5295,261,0,2160,0,0,268,1237,0,136,1233,0,0
78,YVELINES,5,Achères,10592,5239,5103,234,0,2400,0,0,274,1163,0,187,845,0,0
78,YVELINES,15,Andrésy,8052,4675,4527,137,0,1670,0,0,262,1448,0,194,816,0,0
78,YVELINES,29,Aubergenville,5724,3283,3176,187,0,958,0,0,204,936,0,167,724,0,0
78,YVELINES,73,Bois-d'Arcy,6965,3972,3839,173,0,1345,0,0,234,1198,0,329,560,0,0
78,YVELINES,123,Carrières-sous-Poissy,5954,2972,2874,134,0,971,0,0,173,862,0,150,584,0,0
78,YVELINES,124,Carrières-sur-Seine,6895,3628,3557,126,0,1167,0,0,201,1170,0,224,669,0,0
78,YVELINES,126,La Celle-Saint-Cloud,14193,7745,7590,238,0,1982,0,0,483,3341,0,560,986,0,0
78,YVELINES,138,Chanteloup-les-Vignes,3555,1905,1843,81,0,630,0,0,112,612,0,90,318,0,0
78,YVELINES,146,Chatou,18106,9737,9520,230,0,2485,0,0,458,4158,0,853,1336,0,0
78,YVELINES,158,Le Chesnay,19542,10616,10418,183,0,2052,0,0,507,5501,0,839,1336,0,0
78,YVELINES,165,Les Clayes-sous-Bois,10798,5732,5557,260,0,2369,0,0,360,1448,0,357,763,0,0
78,YVELINES,172,Conflans-Sainte-Honorine,20499,11408,11095,465,0,5446,0,0,473,2455,0,352,1904,0,0
78,YVELINES,190,Croissy-sur-Seine,6437,3561,3497,55,0,791,0,0,174,1618,0,383,476,0,0
78,YVELINES,208,Elancourt,14776,7549,7385,273,0,3032,0,0,374,2170,0,621,915,0,0
78,YVELINES,242,Fontenay-le-Fleury,8102,4274,4144,174,0,1255,0,0,252,1334,0,466,663,0,0
78,YVELINES,297,Guyancourt,12592,6652,6446,299,0,3072,0,0,470,1217,0,628,760,0,0
78,YVELINES,311,Houilles,18068,9678,9433,371,0,3653,0,0,477,2794,0,488,1650,0,0
78,YVELINES,335,Limay,7193,4304,4092,237,0,1431,0,0,251,904,0,148,1121,0,0
78,YVELINES,358,Maisons-Laffitte,15204,7965,7826,186,0,1799,0,0,338,3715,0,561,1227,0,0
78,YVELINES,361,Mantes-la-Jolie,15915,8758,8530,351,0,2738,0,0,318,3029,0,236,1858,0,0
78,YVELINES,362,Mantes-la-Ville,10958,5932,5772,267,0,2207,0,0,290,1426,0,169,1413,0,0
78,YVELINES,372,Marly-le-Roi,11390,6661,6509,208,0,2046,0,0,390,2648,0,467,750,0,0
78,YVELINES,383,Maurepas,13997,7000,6827,277,0,2683,0,0,398,1859,0,682,928,0,0
78,YVELINES,418,Montesson,8261,4787,4661,149,0,1499,0,0,333,1622,0,444,614,0,0
78,YVELINES,423,Montigny-le-Bretonneux,19053,10897,10694,349,0,3833,0,0,580,1836,0,3131,965,0,0
78,YVELINES,440,Les Mureaux,12661,6526,6362,362,0,2261,0,0,332,1377,0,222,1808,0,0
78,YVELINES,481,Le Pecq,11148,6066,5953,177,0,1604,0,0,306,2658,0,451,757,0,0
78,YVELINES,490,Plaisir,16042,8523,8234,413,0,3057,0,0,643,2111,0,822,1188,0,0
78,YVELINES,498,Poissy,19776,11091,10823,387,0,3521,0,0,587,3793,0,517,2018,0,0
78,YVELINES,517,Rambouillet,16601,9076,8810,369,0,2685,0,0,543,3525,0,549,1139,0,0
78,YVELINES,545,Saint-Cyr-l'Ecole,9513,5010,4860,309,0,1852,0,0,304,1255,0,354,786,0,0
78,YVELINES,551,Saint-Germain-en-Laye,24583,13723,13452,372,0,3225,0,0,657,6230,0,1232,1736,0,0
78,YVELINES,586,Sartrouville,25859,14690,14260,691,0,5060,0,0,926,3973,0,972,2638,0,0
78,YVELINES,621,Trappes,10736,5063,4904,287,0,2527,0,0,244,724,0,302,820,0,0
78,YVELINES,624,Triel-sur-Seine,7287,3912,3822,103,0,1245,0,0,182,1424,0,193,675,0,0
78,YVELINES,640,Vélizy-Villacoublay,15569,8040,7846,290,0,2315,0,0,386,3310,0,419,1126,0,0
78,YVELINES,642,Verneuil-sur-Seine,9336,4963,4848,191,0,1636,0,0,205,1716,0,254,846,0,0
78,YVELINES,646,Versailles,55094,30854,30328,648,0,6318,0,0,1251,14836,0,2359,4916,0,0
78,YVELINES,650,Le Vésinet,11210,6586,6483,92,0,1123,0,0,274,3658,0,466,870,0,0
78,YVELINES,686,Viroflay,10274,6034,5932,140,0,1911,0,0,337,2396,0,441,707,0,0
78,YVELINES,688,Voisins-le-Bretonneux,7888,4510,4400,108,0,1407,0,0,272,1488,0,696,429,0,0
79,DEUX SEVRES,49,Bressuire,13453,6823,6386,0,0,1800,0,562,0,2737,194,695,398,0,0
79,DEUX SEVRES,191,Niort,39991,20498,19520,0,0,9580,0,1549,0,4538,492,1818,1543,0,0
79,DEUX SEVRES,202,Parthenay,7946,4369,4111,0,0,1014,0,1100,0,1340,154,204,299,0,0
79,DEUX SEVRES,329,Thouars,7553,4116,3886,0,0,1803,0,303,0,1104,115,215,346,0,0
80,SOMME,1,Abbeville,18088,11092,10373,816,0,3812,0,0,773,2566,1432,0,974,0,0
80,SOMME,16,Albert,7600,5262,5020,308,0,1492,0,0,332,2167,303,0,418,0,0
80,SOMME,21,Amiens,75242,40885,39418,2313,0,12536,0,0,4168,12575,2104,0,5722,0,0
81,TARN,4,Albi,30608,20985,20021,778,0,8154,0,0,691,6506,498,1074,2140,0,180
81,TARN,60,Carmaux,8113,5105,4869,268,0,2567,0,0,150,1070,143,196,437,0,38
81,TARN,65,Castres,29619,17996,17174,657,0,5882,0,0,557,4218,603,1544,3543,0,170
81,TARN,99,Gaillac,8238,4935,4716,178,0,1594,0,0,165,1481,282,188,790,0,38
81,TARN,105,Graulhet,8553,5829,5479,217,0,1799,0,0,158,1482,244,275,1240,0,64
81,TARN,163,Mazamet,7867,4978,4647,193,0,1323,0,0,124,1494,205,391,868,0,49
82,TARN ET GARONNE,33,Castelsarrasin,8470,5024,4772,259,0,1534,0,177,206,1329,510,0,757,0,0
82,TARN ET GARONNE,112,Moissac,8717,5074,4817,195,0,1318,0,204,288,1368,412,0,1032,0,0
82,TARN ET GARONNE,121,Montauban,34936,21648,20676,881,0,6260,0,828,1478,7028,858,0,3343,0,0
83,VAR,23,Brignoles,7820,4626,4337,0,0,1318,0,143,234,960,137,370,1100,0,75
83,VAR,47,La Crau,9115,5287,5110,0,0,1338,0,88,265,1183,181,252,1767,0,36
83,VAR,50,Draguignan,21458,13157,12659,0,0,5104,0,122,480,2816,504,437,3088,0,108
83,VAR,61,Fréjus,29144,16367,15647,0,0,3353,0,137,646,5808,301,387,4890,0,125
83,VAR,62,La Garde,16822,9470,9021,0,0,3208,0,233,523,1887,116,423,2512,0,119
83,VAR,69,Hyères,32819,18520,17431,0,0,4589,0,355,1049,4373,305,955,5653,0,152
83,VAR,90,Ollioules,7958,4406,4242,0,0,1223,0,368,200,920,170,217,1071,0,73
83,VAR,98,Le Pradet,7577,4570,4379,0,0,1322,0,107,264,1009,99,210,1329,0,39
83,VAR,107,Roquebrune-sur-Argens,7762,4973,4788,0,0,1127,0,46,259,1580,211,248,1212,0,105
83,VAR,115,Sainte-Maxime,7934,4455,4299,0,0,1000,0,57,125,1559,106,176,1247,0,29
83,VAR,116,Saint-Maximin-la-Sainte-Baume,7620,4685,4437,0,0,1362,0,83,310,939,145,378,1147,0,73
83,VAR,118,Saint-Raphaël,23053,13753,13166,0,0,2863,0,127,630,4484,244,647,4074,0,97
83,VAR,123,Sanary-sur-Mer,13141,7746,7433,0,0,1658,0,290,353,2351,167,470,2048,0,96
83,VAR,126,La Seyne-sur-Mer,41198,21044,20212,0,0,6870,0,502,985,3679,366,751,6737,0,322
83,VAR,129,Six-Fours-les-Plages,24420,14179,13542,0,0,3209,0,408,763,3439,378,904,4218,0,223
83,VAR,130,Solliès-Pont,6308,3771,3631,0,0,1089,0,65,190,484,138,579,1058,0,28
83,VAR,137,Toulon,108885,60589,58720,0,0,17225,0,1200,2618,12547,731,3554,20369,0,476
83,VAR,144,La Valette-du-Var,15098,8766,8364,0,0,2290,0,216,473,1978,181,580,2519,0,127
84,VAUCLUSE,3,Apt,7392,4327,4119,0,0,1350,0,74,343,968,259,0,1005,0,120
84,VAUCLUSE,7,Avignon,52716,29984,28699,0,0,10995,0,245,1754,8180,122,0,6962,0,441
84,VAUCLUSE,19,Bollène,9699,5329,5110,0,0,1908,0,59,254,784,152,0,1891,0,62
84,VAUCLUSE,31,Carpentras,17009,9666,9161,0,0,2463,0,98,631,2674,81,0,3053,0,161
84,VAUCLUSE,35,Cavaillon,14618,8292,7911,0,0,2349,0,84,603,2085,89,0,2552,0,149
84,VAUCLUSE,54,L'Isle-sur-la-Sorgue,11476,6820,6431,0,0,2166,0,76,645,1422,145,0,1810,0,167
84,VAUCLUSE,87,Orange,15897,10182,9772,0,0,2462,0,324,602,2499,93,0,3603,0,189
84,VAUCLUSE,89,Pertuis,11485,6509,6210,0,0,2442,0,92,454,1550,110,0,1441,0,121
84,VAUCLUSE,92,Le Pontet,9992,6076,5836,0,0,2047,0,42,427,1405,20,0,1794,0,101
84,VAUCLUSE,129,Sorgues,9761,6309,6001,0,0,1627,0,38,335,2200,26,0,1670,0,105
84,VAUCLUSE,138,Valréas,6111,4136,3939,0,0,1080,0,51,191,1083,39,0,1370,0,125
85,VENDEE,47,Challans,12787,7018,6556,0,0,1730,0,390,0,2180,515,1170,571,0,0
85,VENDEE,60,Château-d'Olonne,9106,5240,4971,0,0,1536,0,271,0,1595,176,610,783,0,0
85,VENDEE,92,Fontenay-le-Comte,9478,5274,5026,0,0,1795,0,248,0,1675,192,737,379,0,0
85,VENDEE,109,Les Herbiers,10266,6336,5959,0,0,1022,0,331,0,3353,172,764,317,0,0
85,VENDEE,128,Luçon,6872,3912,3719,0,0,1299,0,161,0,1460,198,319,282,0,0
85,VENDEE,191,La Roche-sur-Yon,32492,18456,17641,0,0,8514,0,1195,0,4223,459,2234,1016,0,0
85,VENDEE,194,Les Sables-d'Olonne,13375,6939,6642,0,0,1950,0,263,0,2515,215,715,984,0,0
86,VIENNE,66,Châtellerault,24053,13401,12805,698,0,4633,0,0,710,4779,244,85,1656,0,0
86,VIENNE,194,Poitiers,46833,25207,24519,1110,0,9571,0,0,1924,9573,374,164,1803,0,0
87,HAUTE VIENNE,85,Limoges,81781,48934,46210,3244,0,20131,0,0,1324,9765,3729,3458,4559,0,0
87,HAUTE VIENNE,154,Saint-Junien,8312,5450,5091,320,0,2474,0,0,182,1133,472,223,287,0,0
88,VOSGES,160,Epinal,22624,11717,11195,482,0,3226,0,0,1253,3440,1118,0,1676,0,0
88,VOSGES,383,Remiremont,5942,3113,2972,144,0,750,0,0,247,1069,271,0,491,0,0
88,VOSGES,413,Saint-Dié,15600,8521,8169,253,0,4194,0,0,410,1836,370,0,1106,0,0
89,YONNE,24,Auxerre,22730,11851,11368,328,0,3700,0,0,572,3473,736,1003,1556,0,0
89,YONNE,206,Joigny,6186,3155,3035,101,0,771,0,0,110,626,150,537,740,0,0
89,YONNE,387,Sens,15590,8461,8019,261,0,2347,0,0,296,1567,434,1237,1877,0,0
90,TERRITOIRE DE BELFORT,10,Belfort,25924,15869,14627,999,0,5760,0,0,0,4287,0,0,3181,0,400
91,ESSONNE,21,Arpajon,5262,2649,2517,148,0,771,0,0,133,572,0,356,537,0,0
91,ESSONNE,27,Athis-Mons,16262,8600,8263,490,0,3008,0,0,499,2009,0,584,1673,0,0
91,ESSONNE,103,Brétigny-sur-Orge,13008,6778,6609,376,0,2514,0,0,402,1677,0,534,1106,0,0
91,ESSONNE,114,Brunoy,16117,8136,7961,356,0,2649,0,0,436,2439,0,641,1440,0,0
91,ESSONNE,122,Bures-sur-Yvette,6365,3912,3786,179,0,1624,0,0,227,1004,0,373,379,0,0
91,ESSONNE,161,Chilly-Mazarin,11138,5760,5565,330,0,2105,0,0,373,1328,0,445,984,0,0
91,ESSONNE,174,Corbeil-Essonnes,17572,9755,9471,592,0,3264,0,0,522,2754,0,388,1951,0,0
91,ESSONNE,182,Courcouronnes,6856,3507,3411,211,0,1458,0,0,173,725,0,211,633,0,0
91,ESSONNE,200,Dourdan,5724,3444,3276,227,0,1105,0,0,233,899,0,266,546,0,0
91,ESSONNE,201,Draveil,17919,9671,9396,520,0,3341,0,0,705,2529,0,660,1641,0,0
91,ESSONNE,215,Epinay-sous-Sénart,6724,3279,3178,199,0,1134,0,0,161,846,0,190,648,0,0
91,ESSONNE,216,Epinay-sur-Orge,6387,3653,3535,165,0,1136,0,0,285,1230,0,189,530,0,0
91,ESSONNE,223,Etampes,11753,6143,5914,364,0,2108,0,0,228,1696,0,384,1134,0,0
91,ESSONNE,228,Evry,22363,10883,10532,724,0,4323,0,0,590,1988,0,574,2333,0,0
91,ESSONNE,272,Gif-sur-Yvette,15326,8654,8437,355,0,2936,0,0,539,2860,0,974,773,0,0
91,ESSONNE,286,Grigny,9283,4840,4677,315,0,2270,0,0,177,638,0,195,1082,0,0
91,ESSONNE,312,Igny,6801,3646,3581,182,0,1390,0,0,235,889,0,379,506,0,0
91,ESSONNE,326,Juvisy-sur-Orge,7716,4469,4329,253,0,1485,0,0,243,1250,0,285,813,0,0
91,ESSONNE,345,Longjumeau,12271,5971,5795,335,0,2092,0,0,287,1780,0,380,921,0,0
91,ESSONNE,377,Massy,21762,12044,11703,741,0,5001,0,0,702,2860,0,746,1653,0,0
91,ESSONNE,386,Mennecy,8559,4400,4287,226,0,1309,0,0,236,1330,0,416,770,0,0
91,ESSONNE,421,Montgeron,14834,7739,7493,372,0,2625,0,0,344,2171,0,630,1351,0,0
91,ESSONNE,432,Morangis,6589,3541,3401,202,0,1040,0,0,171,714,0,544,730,0,0
91,ESSONNE,434,Morsang-sur-Orge,12157,6703,6513,373,0,3040,0,0,291,1306,0,371,1132,0,0
91,ESSONNE,471,Orsay,10356,6254,6110,277,0,2478,0,0,362,1922,0,487,584,0,0
91,ESSONNE,477,Palaiseau,18650,10330,10111,571,0,4251,0,0,555,2318,0,1138,1278,0,0
91,ESSONNE,521,Ris-Orangis,14925,7697,7482,406,0,2760,0,0,438,1734,0,411,1733,0,0
91,ESSONNE,549,Sainte-Geneviève-des-Bois,18521,10480,10218,504,0,4600,0,0,433,2142,0,637,1902,0,0
91,ESSONNE,570,Saint-Michel-sur-Orge,12715,6715,6557,299,0,2874,0,0,300,1525,0,403,1156,0,0
91,ESSONNE,589,Savigny-sur-Orge,22274,11992,11668,586,0,4208,0,0,534,3421,0,831,2088,0,0
91,ESSONNE,645,Verrières-le-Buisson,10896,6354,6226,209,0,2010,0,0,364,2337,0,567,739,0,0
91,ESSONNE,657,Vigneux-sur-Seine,14019,7261,7021,591,0,2675,0,0,595,1239,0,385,1536,0,0
91,ESSONNE,661,Villebon-sur-Yvette,5997,3636,3569,162,0,1194,0,0,170,436,0,1273,334,0,0
91,ESSONNE,687,Viry-Chatillon,17267,9409,9127,393,0,3688,0,0,340,2349,0,533,1824,0,0
91,ESSONNE,691,Yerres,18444,9966,9679,552,0,3432,0,0,529,2749,0,749,1668,0,0
91,ESSONNE,692,Les Ulis,11482,6103,5898,501,0,2870,0,0,363,880,0,477,807,0,0
92,HAUTS DE SEINE,2,Antony,38292,21605,21148,764,0,7953,0,0,1075,6790,0,2026,2540,0,0
92,HAUTS DE SEINE,4,Asnières-sur-Seine,35262,19606,19135,714,0,5849,0,0,870,5761,0,2297,3644,0,0
92,HAUTS DE SEINE,7,Bagneux,20467,10161,9911,468,0,5129,0,0,401,2017,0,569,1327,0,0
92,HAUTS DE SEINE,9,Bois-Colombes,13756,7820,7692,239,0,2302,0,0,343,2647,0,920,1241,0,0
92,HAUTS DE SEINE,12,Boulogne-Billancourt,59140,30847,30341,681,0,8323,0,0,1145,11216,0,5259,3717,0,0
92,HAUTS DE SEINE,14,Bourg-la-Reine,12732,7182,7022,218,0,2292,0,0,367,2512,0,857,776,0,0
92,HAUTS DE SEINE,19,Châtenay-Malabry,17814,9816,9588,423,0,3783,0,0,558,2959,0,726,1139,0,0
92,HAUTS DE SEINE,20,Châtillon,16537,9926,9728,410,0,3606,0,0,486,3291,0,738,1197,0,0
92,HAUTS DE SEINE,22,Chaville,12378,7124,6971,246,0,2546,0,0,339,2102,0,842,896,0,0
92,HAUTS DE SEINE,23,Clamart,30847,16904,16525,594,0,6025,0,0,902,5109,0,1705,2190,0,0
92,HAUTS DE SEINE,24,Clichy,23758,12577,12242,606,0,5344,0,0,551,2651,0,878,2212,0,0
92,HAUTS DE SEINE,25,Colombes,43441,22450,21907,1007,0,8298,0,0,1116,5161,0,2193,4132,0,0
92,HAUTS DE SEINE,26,Courbevoie,35003,20280,19906,628,0,5569,0,0,1009,7270,0,2618,2811,1,0
92,HAUTS DE SEINE,32,Fontenay-aux-Roses,14589,8419,8257,288,0,3322,0,0,614,2059,0,957,1017,0,0
92,HAUTS DE SEINE,33,Garches,11483,6413,6294,135,0,1533,0,0,292,2606,0,788,940,0,0
92,HAUTS DE SEINE,35,La Garenne-Colombes,14365,7917,7714,263,0,2188,0,0,440,2809,0,859,1155,0,0
92,HAUTS DE SEINE,36,Gennevilliers,19388,9713,9439,689,0,4945,0,0,449,1225,0,384,1747,0,0
92,HAUTS DE SEINE,40,Issy-les-Moulineaux,29023,16136,15608,507,0,5539,0,0,917,5490,0,1395,1760,0,0
92,HAUTS DE SEINE,44,Levallois-Perret,29591,16393,15996,462,0,4908,0,0,720,5709,0,2039,2158,0,0
92,HAUTS DE SEINE,46,Malakoff,19185,9962,9730,378,0,5496,0,0,390,1692,0,559,1161,54,0
92,HAUTS DE SEINE,48,Meudon,28510,16159,15829,517,0,5586,0,0,820,5269,0,1719,1918,0,0
92,HAUTS DE SEINE,49,Montrouge,22375,12290,11879,469,0,4549,0,0,592,3944,0,854,1471,0,0
92,HAUTS DE SEINE,50,Nanterre,37059,20473,19755,940,0,8876,0,0,830,2277,0,4045,2787,0,0
92,HAUTS DE SEINE,51,Neuilly-sur-Seine,35996,19651,19321,187,0,2283,0,0,581,10953,0,2869,2448,0,0
92,HAUTS DE SEINE,60,Le Plessis-Robinson,13461,8201,8012,316,0,2722,0,0,441,3017,0,574,942,0,0
92,HAUTS DE SEINE,62,Puteaux,22680,13895,13470,563,0,3269,0,0,781,5775,0,1136,1945,1,0
92,HAUTS DE SEINE,63,Rueil-Malmaison,45724,24999,24415,717,0,6953,0,0,1300,9304,0,3195,2946,0,0
92,HAUTS DE SEINE,64,Saint-Cloud,19033,10017,9847,172,0,2146,0,0,383,4346,0,1500,1300,0,0
92,HAUTS DE SEINE,71,Sceaux,13555,7982,7828,202,0,2581,0,0,408,2827,0,1019,791,0,0
92,HAUTS DE SEINE,72,Sèvres,13178,7862,7697,183,0,2924,0,0,367,2253,0,1110,860,0,0
92,HAUTS DE SEINE,73,Suresnes,21450,11975,11657,418,0,3877,0,0,597,3633,0,1563,1569,0,0
92,HAUTS DE SEINE,75,Vanves,15173,9407,9137,336,0,3409,0,0,451,3070,0,882,989,0,0
92,HAUTS DE SEINE,77,Ville-d'Avray,7244,4093,4035,74,0,969,0,0,203,1605,0,762,422,0,0
92,HAUTS DE SEINE,78,Villeneuve-la-Garenne,11314,5319,5171,223,0,1802,0,0,190,1276,0,249,1431,0,0
93,SEINE SAINT-DENIS,1,Aubervilliers,24448,11765,11384,1215,0,4720,0,0,439,1867,0,364,2779,0,0
93,SEINE SAINT-DENIS,5,Aulnay-sous-Bois,37009,19371,18795,1260,0,6397,0,0,694,5467,0,781,4196,0,0
93,SEINE SAINT-DENIS,6,Bagnolet,14382,7426,7240,634,0,3572,0,0,216,1186,0,210,1422,0,0
93,SEINE SAINT-DENIS,7,Le Blanc-Mesnil,24117,11341,11095,651,0,5073,0,0,298,1997,0,274,2802,0,0
93,SEINE SAINT-DENIS,8,Bobigny,18769,9173,8931,668,0,4657,0,0,228,1290,0,346,1742,0,0
93,SEINE SAINT-DENIS,10,Bondy,23201,12221,11897,1014,0,4737,0,0,424,2272,0,464,2986,0,0
93,SEINE SAINT-DENIS,13,Le Bourget,6455,3371,3289,261,0,889,0,0,82,1129,0,114,814,0,0
93,SEINE SAINT-DENIS,14,Clichy-sous-Bois,8224,4391,4263,334,0,1509,0,0,157,945,0,270,1048,0,0
93,SEINE SAINT-DENIS,27,La Courneuve,13653,6954,6741,724,0,3009,0,0,307,978,0,292,1431,0,0
93,SEINE SAINT-DENIS,29,Drancy,32613,16733,16116,1305,0,6541,0,0,503,3154,0,575,4038,0,0
93,SEINE SAINT-DENIS,31,Epinay-sur-Seine,22572,10695,10379,886,0,4112,0,0,471,2292,0,382,2236,0,0
93,SEINE SAINT-DENIS,32,Gagny,21002,11370,11043,798,0,3592,0,0,529,3292,0,700,2132,0,0
93,SEINE SAINT-DENIS,45,Les Lilas,11640,6405,6190,728,0,2105,0,0,225,1883,0,192,1057,0,0
93,SEINE SAINT-DENIS,46,Livry-Gargan,22268,12408,12038,673,0,4200,0,0,414,3028,0,649,3074,0,0
93,SEINE SAINT-DENIS,47,Montfermeil,11238,5860,5698,320,0,1660,0,0,151,1014,0,1327,1226,0,0
93,SEINE SAINT-DENIS,48,Montreuil,45331,22166,21496,2237,0,9801,0,0,813,3940,0,683,4022,0,0
93,SEINE SAINT-DENIS,49,Neuilly-Plaisance,10930,5917,5788,400,0,1874,0,0,244,2099,0,150,1021,0,0
93,SEINE SAINT-DENIS,50,Neuilly-sur-Marne,16605,8367,8120,719,0,3586,0,0,329,1674,0,314,1498,0,0
93,SEINE SAINT-DENIS,51,Noisy-le-Grand,28503,13805,13277,1191,0,4758,0,0,664,3479,0,478,2707,0,0
93,SEINE SAINT-DENIS,53,Noisy-le-Sec,17912,9192,8993,768,0,3864,0,0,311,1906,0,258,1848,38,0
93,SEINE SAINT-DENIS,55,Pantin,19307,10566,10263,867,0,4669,0,0,330,2138,0,410,1849,0,0
93,SEINE SAINT-DENIS,57,Les Pavillons-sous-Bois,10174,6010,5810,353,0,1656,0,0,222,2184,0,302,1093,0,0
93,SEINE SAINT-DENIS,59,Pierrefitte-sur-Seine,10274,5557,5328,460,0,2239,0,0,193,923,0,205,1308,0,0
93,SEINE SAINT-DENIS,61,Le Pré-Saint-Gervais,7777,4246,4110,460,0,1862,0,0,131,859,0,103,695,0,0
93,SEINE SAINT-DENIS,62,Le Raincy,9327,5069,4905,177,0,1111,0,0,179,2343,0,316,779,0,0
93,SEINE SAINT-DENIS,63,Romainville,11872,6237,5900,582,0,2725,0,0,254,877,0,242,1220,0,0
93,SEINE SAINT-DENIS,64,Rosny-sous-Bois,21885,11068,10737,743,0,3180,0,0,452,3712,0,384,2266,0,0
93,SEINE SAINT-DENIS,66,Saint-Denis,35555,16180,15716,1564,0,7373,0,0,540,2238,0,654,3345,2,0
93,SEINE SAINT-DENIS,70,Saint-Ouen,16598,8885,8671,816,0,3809,0,0,294,1629,0,289,1834,0,0
93,SEINE SAINT-DENIS,71,Sevran,20973,10279,9949,943,0,3675,0,0,459,2229,0,467,2176,0,0
93,SEINE SAINT-DENIS,72,Stains,15557,7448,7249,408,0,3838,0,0,183,1072,0,146,1602,0,0
93,SEINE SAINT-DENIS,73,Tremblay-en-France,19346,9563,9279,733,0,4156,0,0,322,1672,0,328,2068,0,0
93,SEINE SAINT-DENIS,77,Villemomble,15727,8760,8542,468,0,2408,0,0,290,3057,0,495,1824,0,0
93,SEINE SAINT-DENIS,78,Villepinte,14464,7385,7078,641,0,2299,0,0,409,1673,0,271,1785,0,0
93,SEINE SAINT-DENIS,79,Villetaneuse,4580,2300,2172,205,0,1035,0,0,89,315,0,88,440,0,0
94,VAL DE MARNE,2,Alfortville,19541,11062,10650,885,0,4903,0,0,735,2380,0,0,1747,0,0
94,VAL DE MARNE,3,Arcueil,10873,5839,5692,498,0,2997,0,0,314,1044,0,0,839,0,0
94,VAL DE MARNE,4,Boissy-Saint-Léger,7985,4087,3989,261,0,1745,0,0,226,1084,0,0,673,0,0
94,VAL DE MARNE,11,Bonneuil-sur-Marne,7671,4234,4096,449,0,1895,0,0,230,813,0,0,709,0,0
94,VAL DE MARNE,15,Bry-sur-Marne,9573,5495,5399,215,0,1537,0,0,300,2494,0,0,853,0,0
94,VAL DE MARNE,16,Cachan,13104,7325,7134,555,0,2975,0,0,436,2034,0,0,1134,0,0
94,VAL DE MARNE,17,Champigny-sur-Marne,38671,20213,19739,1651,0,9073,0,0,1107,4848,0,0,3060,0,0
94,VAL DE MARNE,18,Charenton-le-Pont,15499,8591,8393,444,0,2558,0,0,549,3531,0,0,1266,45,0
94,VAL DE MARNE,19,Chennevières-sur-Marne,9362,5113,4967,324,0,1515,0,0,361,1823,0,0,944,0,0
94,VAL DE MARNE,21,Chevilly-Larue,9707,5522,5360,498,0,2214,0,0,306,1485,0,0,857,0,0
94,VAL DE MARNE,22,Choisy-le-Roi,17522,9910,9623,693,0,4295,0,0,445,2556,0,0,1584,50,0
94,VAL DE MARNE,28,Créteil,44925,22837,22176,1053,0,11120,0,0,1212,5577,0,0,3214,0,0
94,VAL DE MARNE,33,Fontenay-sous-Bois,31658,15682,15319,1252,0,6670,0,0,766,4360,0,0,2271,0,0
94,VAL DE MARNE,34,Fresnes,13924,7096,6954,489,0,2971,0,0,391,2057,0,0,1046,0,0
94,VAL DE MARNE,37,Gentilly,8776,4748,4634,426,0,2494,0,0,225,881,0,0,608,0,0
94,VAL DE MARNE,38,L'Hay-les-Roses,18056,9893,9659,724,0,3940,0,0,541,3009,0,0,1445,0,0
94,VAL DE MARNE,41,Ivry-sur-Seine,25477,13437,13081,1304,0,7203,0,0,719,2159,0,0,1696,0,0
94,VAL DE MARNE,42,Joinville-le-Pont,10676,6029,5879,292,0,1911,0,0,410,2277,0,0,989,0,0
94,VAL DE MARNE,43,Le Kremlin-Bicêtre,11666,6008,5837,421,0,2487,0,0,318,1578,0,0,1033,0,0
94,VAL DE MARNE,44,Limeil-Brévannes,8633,4641,4518,290,0,1943,0,0,249,1120,0,0,916,0,0
94,VAL DE MARNE,46,Maisons-Alfort,32063,18109,17557,1182,0,5236,0,0,967,6769,0,0,3338,65,0
94,VAL DE MARNE,52,Nogent-sur-Marne,17133,9732,9469,434,0,2270,0,0,671,4599,0,0,1495,0,0
94,VAL DE MARNE,54,Orly,10401,5384,5235,415,0,2711,0,0,206,1008,0,0,895,0,0
94,VAL DE MARNE,55,Ormesson-sur-Marne,5972,3306,3236,128,0,886,0,0,189,1343,0,0,690,0,0
94,VAL DE MARNE,58,Le Perreux-sur-Marne,18368,10383,10158,472,0,2628,0,0,600,4745,0,0,1713,0,0
94,VAL DE MARNE,59,Le Plessis-Trévise,8568,4933,4820,280,0,1478,0,0,275,1845,0,0,942,0,0
94,VAL DE MARNE,60,La Queue-en-Brie,5875,3203,3114,195,0,1208,0,0,188,980,0,0,543,0,0
94,VAL DE MARNE,67,Saint-Mandé,12360,7269,7112,241,0,1834,0,0,374,3752,0,0,911,0,0
94,VAL DE MARNE,68,Saint-Maur-des-Fossés,46169,26140,25537,1001,0,6372,0,0,1713,12599,0,0,3852,0,0
94,VAL DE MARNE,69,Saint-Maurice,6350,3659,3560,182,0,923,0,0,176,1811,0,0,460,8,0
94,VAL DE MARNE,71,Sucy-en-Brie,16042,8882,8688,404,0,2741,0,0,671,3489,0,0,1383,0,0
94,VAL DE MARNE,73,Thiais,14931,8423,8226,478,0,2751,0,0,359,3458,0,0,1180,0,0
94,VAL DE MARNE,74,Valenton,5063,2680,2606,277,0,1297,0,0,158,409,0,0,465,0,0
94,VAL DE MARNE,76,Villejuif,24593,12937,12588,1217,0,6448,0,0,669,2410,0,0,1844,0,0
94,VAL DE MARNE,77,Villeneuve-le-Roi,9997,5499,5346,325,0,2510,0,0,238,1265,0,0,1008,0,0
94,VAL DE MARNE,78,Villeneuve-Saint-Georges,13930,6821,6576,479,0,2862,0,0,343,1428,0,0,1464,0,0
94,VAL DE MARNE,79,Villiers-sur-Marne,13520,7728,7539,568,0,2921,0,0,438,2177,0,0,1435,0,0
94,VAL DE MARNE,80,Vincennes,26511,15040,14594,684,0,4379,0,0,830,6778,0,0,1923,0,0
94,VAL DE MARNE,81,Vitry-sur-Seine,39130,19766,19282,1392,0,10026,0,0,944,3670,0,0,3250,0,0
95,VAL D'OISE,18,Argenteuil,46216,23446,22832,1293,0,8182,0,1607,970,4927,0,203,4551,1099,0
95,VAL D'OISE,19,Arnouville-lès-Gonesse,7517,4115,4028,165,0,1397,0,92,184,1025,0,76,897,192,0
95,VAL D'OISE,63,Bezons,11708,6517,6339,344,0,2459,0,626,291,1061,0,86,1094,378,0
95,VAL D'OISE,127,Cergy,22735,10921,10683,529,0,4816,0,129,507,2615,0,218,1589,280,0
95,VAL D'OISE,176,Cormeilles-en-Parisis,11161,6552,6369,207,0,2037,0,227,397,2099,0,112,1018,272,0
95,VAL D'OISE,197,Deuil-la-Barre,12653,6615,6458,268,0,1884,0,106,356,2254,0,161,1167,262,0
95,VAL D'OISE,199,Domont,9218,5202,5087,180,0,1681,0,78,319,1510,0,90,1002,227,0
95,VAL D'OISE,203,Eaubonne,15364,8503,8249,251,0,2695,0,166,466,2812,0,206,1403,250,0
95,VAL D'OISE,210,Enghien-les-Bains,6786,3902,3838,66,0,865,0,27,100,1992,0,79,644,65,0
95,VAL D'OISE,218,Eragny,8665,4664,4522,211,0,1859,0,88,304,1096,0,64,739,161,0
95,VAL D'OISE,219,Ermont,17111,8993,8809,301,0,3069,0,130,555,2779,0,154,1545,276,0
95,VAL D'OISE,229,Ezanville,5328,3142,3056,120,0,984,0,77,206,847,0,57,652,113,0
95,VAL D'OISE,250,Fosses,5919,3103,3025,121,0,1168,0,115,186,592,0,40,620,183,0
95,VAL D'OISE,252,Franconville,20654,10586,10347,407,0,3283,0,322,711,2852,0,274,1900,598,0
95,VAL D'OISE,268,Garges-lès-Gonesse,13421,6945,6699,220,0,3073,0,186,204,1763,0,45,963,245,0
95,VAL D'OISE,277,Gonesse,10805,6033,5782,270,0,1983,0,246,283,1446,0,94,1146,314,0
95,VAL D'OISE,280,Goussainville,12194,6120,5948,267,0,1957,0,232,250,1250,0,52,1613,327,0
95,VAL D'OISE,306,Herblay,13854,7785,7557,323,0,2405,0,253,564,2216,0,124,1344,328,0
95,VAL D'OISE,313,L'Isle-Adam,6848,4049,3954,112,0,1127,0,34,205,1562,0,100,701,113,0
95,VAL D'OISE,323,Jouy-le-Moutier,9042,4692,4580,272,0,1945,0,65,297,1121,0,95,641,144,0
95,VAL D'OISE,424,Montigny-lès-Cormeilles,9155,4809,4648,170,0,1590,0,437,226,1067,0,38,804,316,0
95,VAL D'OISE,427,Montmagny,5639,3223,3132,125,0,1229,0,93,167,791,0,45,572,110,0
95,VAL D'OISE,428,Montmorency,12389,6877,6728,189,0,1876,0,83,450,2599,0,258,1052,221,0
95,VAL D'OISE,476,Osny,8080,4478,4363,186,0,1438,0,58,249,1344,0,86,825,177,0
95,VAL D'OISE,487,Persan,4520,2593,2483,159,0,698,0,215,139,558,0,39,530,145,0
95,VAL D'OISE,500,Pontoise,15766,8305,8123,370,0,2879,0,113,420,2675,0,166,1253,247,0
95,VAL D'OISE,539,Saint-Brice-sous-Forêt,6723,3583,3465,116,0,1328,0,121,211,885,0,45,619,140,0
95,VAL D'OISE,555,Saint-Gratien,12161,6392,6252,237,0,2098,0,158,294,2100,0,123,1029,213,0
95,VAL D'OISE,563,Saint-Leu-la-Forêt,9845,5495,5341,216,0,1882,0,100,385,1623,0,135,849,151,0
95,VAL D'OISE,572,Saint-Ouen-l'Aumône,9360,5155,5025,243,0,1870,0,157,245,1155,0,67,987,301,0
95,VAL D'OISE,582,Sannois,14327,8084,7879,354,0,2479,0,217,475,2386,0,124,1368,476,0
95,VAL D'OISE,585,Sarcelles,23503,11911,11596,350,0,6281,0,248,357,2112,0,66,1837,345,0
95,VAL D'OISE,598,Soisy-sous-Montmorency,9818,5432,5281,164,0,1653,0,89,295,1773,0,125,1021,161,0
95,VAL D'OISE,607,Taverny,16580,8393,8162,284,0,3021,0,152,472,2359,0,163,1462,249,0
95,VAL D'OISE,637,Vauréal,6867,3739,3646,176,0,1670,0,43,180,849,0,73,536,119,0
95,VAL D'OISE,680,Villiers-le-Bel,11394,5535,5381,191,0,2415,0,112,181,995,0,56,1159,272,0
